-- --------------------------------------------------------
-- Host:                         localhost
-- Server version:               10.4.32-MariaDB - mariadb.org binary distribution
-- Server OS:                    Win64
-- HeidiSQL Version:             12.6.0.6765
-- --------------------------------------------------------

/*!40101 SET @OLD_CHARACTER_SET_CLIENT=@@CHARACTER_SET_CLIENT */;
/*!40101 SET NAMES utf8 */;
/*!50503 SET NAMES utf8mb4 */;
/*!40103 SET @OLD_TIME_ZONE=@@TIME_ZONE */;
/*!40103 SET TIME_ZONE='+00:00' */;
/*!40014 SET @OLD_FOREIGN_KEY_CHECKS=@@FOREIGN_KEY_CHECKS, FOREIGN_KEY_CHECKS=0 */;
/*!40101 SET @OLD_SQL_MODE=@@SQL_MODE, SQL_MODE='NO_AUTO_VALUE_ON_ZERO' */;
/*!40111 SET @OLD_SQL_NOTES=@@SQL_NOTES, SQL_NOTES=0 */;


-- Dumping database structure for sgukhaosat
CREATE DATABASE IF NOT EXISTS `sgukhaosat` /*!40100 DEFAULT CHARACTER SET utf8mb4 COLLATE utf8mb4_general_ci */;
USE `sgukhaosat`;

-- Dumping structure for table sgukhaosat.answer
CREATE TABLE IF NOT EXISTS `answer` (
  `RID` int(11) NOT NULL DEFAULT 0,
  `QID` int(11) NOT NULL DEFAULT 0,
  `AContent` text DEFAULT NULL,
  PRIMARY KEY (`RID`,`QID`),
  KEY `RID` (`RID`),
  KEY `QID` (`QID`),
  CONSTRAINT `FK_answer_question` FOREIGN KEY (`QID`) REFERENCES `question` (`QID`) ON DELETE NO ACTION ON UPDATE NO ACTION,
  CONSTRAINT `FK_answer_result` FOREIGN KEY (`RID`) REFERENCES `result` (`RID`) ON DELETE NO ACTION ON UPDATE NO ACTION
) ENGINE=InnoDB DEFAULT CHARSET=utf8mb4 COLLATE=utf8mb4_general_ci;

-- Dumping data for table sgukhaosat.answer: ~2 rows (approximately)
INSERT IGNORE INTO `answer` (`RID`, `QID`, `AContent`) VALUES
	(1, 5723, 'ADSADASd'),
	(2, 5934, 'aaaaa');

-- Dumping structure for table sgukhaosat.draft
CREATE TABLE IF NOT EXISTS `draft` (
  `DID` int(11) NOT NULL AUTO_INCREMENT,
  `UID` varchar(50) DEFAULT NULL,
  `FID` int(11) DEFAULT NULL,
  `DraftContent` longtext CHARACTER SET utf8mb4 COLLATE utf8mb4_bin DEFAULT NULL CHECK (json_valid(`DraftContent`)),
  `CreateAt` datetime DEFAULT NULL,
  `UpdateAt` datetime DEFAULT NULL,
  PRIMARY KEY (`DID`),
  KEY `UID` (`UID`),
  KEY `FK_draft_forms` (`FID`),
  CONSTRAINT `FK_draft_forms` FOREIGN KEY (`FID`) REFERENCES `forms` (`FID`) ON DELETE NO ACTION ON UPDATE NO ACTION,
  CONSTRAINT `FK_draft_users` FOREIGN KEY (`UID`) REFERENCES `users` (`email`) ON DELETE NO ACTION ON UPDATE NO ACTION
) ENGINE=InnoDB AUTO_INCREMENT=26 DEFAULT CHARSET=utf8mb4 COLLATE=utf8mb4_general_ci;

-- Dumping data for table sgukhaosat.draft: ~14 rows (approximately)
INSERT IGNORE INTO `draft` (`DID`, `UID`, `FID`, `DraftContent`, `CreateAt`, `UpdateAt`) VALUES
	(3, 'admin@gmail.com', 205, '[{"QContent":"Ti\\u00eau \\u0111\\u1ec1 m\\u1edbi","QTypeID":"SUBTITLE","QIndex":1,"children":[{"QTypeID":"DESCRIPTION","QContent":"","QIndex":"1.1"}]},{"QContent":"C\\u00e2u h\\u1ecfi m\\u1edbi","QTypeID":"MULTIPLE_CHOICE","QIndex":2,"children":[{"QTypeID":"MC_OPTION","QContent":"C\\u00e2u tr\\u1ea3 l\\u1eddi 1","QIndex":"2.1"},{"QTypeID":"MC_OPTION","QContent":"C\\u00e2u tr\\u1ea3 l\\u1eddi 2","QIndex":"2.2"}]}]', '2025-04-14 16:40:48', '2025-04-14 16:40:48'),
	(4, 'admin@gmail.com', 206, '[{"QContent":"Ti\\u00eau \\u0111\\u1ec1 m\\u1edbi","QTypeID":"SUBTITLE","QIndex":1,"children":[{"QTypeID":"DESCRIPTION","QContent":"","QIndex":"1.1"}]},{"QContent":"C\\u00e2u h\\u1ecfi m\\u1edbi","QTypeID":"MULTIPLE_CHOICE","QIndex":2,"children":[{"QTypeID":"MC_OPTION","QContent":"C\\u00e2u tr\\u1ea3 l\\u1eddi 1","QIndex":"2.1"},{"QTypeID":"MC_OPTION","QContent":"C\\u00e2u tr\\u1ea3 l\\u1eddi 2","QIndex":"2.2"}]}]', '2025-04-14 16:41:40', '2025-04-14 16:41:40'),
	(5, 'admin@gmail.com', 207, '[{"QContent":"Ti\\u00eau \\u0111\\u1ec1 m\\u1edbi","QTypeID":"SUBTITLE","QIndex":1,"children":[{"QTypeID":"DESCRIPTION","QContent":"","QIndex":"1.1"}]},{"QContent":"C\\u00e2u h\\u1ecfi m\\u1edbi","QTypeID":"MULTIPLE_CHOICE","QIndex":2,"children":[{"QTypeID":"MC_OPTION","QContent":"C\\u00e2u tr\\u1ea3 l\\u1eddi 1","QIndex":"2.1"},{"QTypeID":"MC_OPTION","QContent":"C\\u00e2u tr\\u1ea3 l\\u1eddi 2","QIndex":"2.2"}]}]', '2025-04-14 16:46:40', '2025-04-14 16:46:40'),
	(6, 'admin@gmail.com', 208, '[{"QContent":"Ti\\u00eau \\u0111\\u1ec1 m\\u1edbi","QTypeID":"SUBTITLE","QIndex":1,"children":[{"QTypeID":"DESCRIPTION","QContent":"","QIndex":"1.1"}]},{"QContent":"C\\u00e2u h\\u1ecfi m\\u1edbi","QTypeID":"MULTIPLE_CHOICE","QIndex":2,"children":[{"QTypeID":"MC_OPTION","QContent":"C\\u00e2u tr\\u1ea3 l\\u1eddi 1","QIndex":"2.1"},{"QTypeID":"MC_OPTION","QContent":"C\\u00e2u tr\\u1ea3 l\\u1eddi 2","QIndex":"2.2"}]}]', '2025-04-14 16:48:36', '2025-04-14 16:48:36'),
	(15, 'admin@gmail.com', 218, '[{"QID":"","QContent":"Ti\\u00eau \\u0111\\u1ec1 m\\u1edbi","QTypeID":"SUBTITLE","QIndex":"1","children":[{"QID":"undefined","QParent":"","QTypeID":"DESCRIPTION","QContent":"","QIndex":"1.1"}]},{"QID":"","QContent":"C\\u00e2u h\\u1ecfi m\\u1edbi","QTypeID":"MULTIPLE_CHOICE","QIndex":"2","children":[{"QID":"","QParent":"","QTypeID":"MC_OPTION","QContent":"C\\u00e2u tr\\u1ea3 l\\u1eddi 1","QIndex":"2.1"},{"QID":"","QParent":"","QTypeID":"MC_OPTION","QContent":"C\\u00e2u tr\\u1ea3 l\\u1eddi 2","QIndex":"2.2"},{"QID":"","QParent":"","QTypeID":"MC_OPTION","QContent":"C\\u00e2u tr\\u1ea3 l\\u1eddi 3","QIndex":"2.3"}]}]', '2025-04-14 19:33:26', '2025-04-14 19:33:32'),
	(16, 'admin@gmail.com', 219, '[{"QContent":"Ti\\u00eau \\u0111\\u1ec1 m\\u1edbi","QTypeID":"SUBTITLE","QIndex":1,"children":[{"QTypeID":"DESCRIPTION","QContent":"","QIndex":"1.1"}]},{"QContent":"C\\u00e2u h\\u1ecfi m\\u1edbi","QTypeID":"MULTIPLE_CHOICE","QIndex":2,"children":[{"QTypeID":"MC_OPTION","QContent":"C\\u00e2u tr\\u1ea3 l\\u1eddi 1","QIndex":"2.1"},{"QTypeID":"MC_OPTION","QContent":"C\\u00e2u tr\\u1ea3 l\\u1eddi 2","QIndex":"2.2"}]}]', '2025-04-15 04:50:09', '2025-04-15 04:50:09'),
	(17, 'admin@gmail.com', 220, '[{"QContent":"Ti\\u00eau \\u0111\\u1ec1 m\\u1edbi","QTypeID":"SUBTITLE","QIndex":1,"children":[{"QTypeID":"DESCRIPTION","QContent":"","QIndex":"1.1"}]},{"QContent":"C\\u00e2u h\\u1ecfi m\\u1edbi","QTypeID":"MULTIPLE_CHOICE","QIndex":2,"children":[{"QTypeID":"MC_OPTION","QContent":"C\\u00e2u tr\\u1ea3 l\\u1eddi 1","QIndex":"2.1"},{"QTypeID":"MC_OPTION","QContent":"C\\u00e2u tr\\u1ea3 l\\u1eddi 2","QIndex":"2.2"}]}]', '2025-04-15 04:50:10', '2025-04-15 04:50:10'),
	(18, 'admin@gmail.com', 221, '[{"QContent":"Ti\\u00eau \\u0111\\u1ec1 m\\u1edbi","QTypeID":"SUBTITLE","QIndex":1,"children":[{"QTypeID":"DESCRIPTION","QContent":"","QIndex":"1.1"}]},{"QContent":"C\\u00e2u h\\u1ecfi m\\u1edbi","QTypeID":"MULTIPLE_CHOICE","QIndex":2,"children":[{"QTypeID":"MC_OPTION","QContent":"C\\u00e2u tr\\u1ea3 l\\u1eddi 1","QIndex":"2.1"},{"QTypeID":"MC_OPTION","QContent":"C\\u00e2u tr\\u1ea3 l\\u1eddi 2","QIndex":"2.2"}]}]', '2025-04-15 04:50:10', '2025-04-15 04:50:10'),
	(19, 'admin@gmail.com', 222, '[{"QContent":"Ti\\u00eau \\u0111\\u1ec1 m\\u1edbi","QTypeID":"SUBTITLE","QIndex":1,"children":[{"QTypeID":"DESCRIPTION","QContent":"","QIndex":"1.1"}]},{"QContent":"C\\u00e2u h\\u1ecfi m\\u1edbi","QTypeID":"MULTIPLE_CHOICE","QIndex":2,"children":[{"QTypeID":"MC_OPTION","QContent":"C\\u00e2u tr\\u1ea3 l\\u1eddi 1","QIndex":"2.1"},{"QTypeID":"MC_OPTION","QContent":"C\\u00e2u tr\\u1ea3 l\\u1eddi 2","QIndex":"2.2"}]}]', '2025-04-15 04:50:10', '2025-04-15 04:50:10'),
	(21, 'admin@gmail.com', 224, '[{"QID":"","QContent":"Ti\\u00eau \\u0111\\u1ec1 m\\u1edbi","QTypeID":"SUBTITLE","QIndex":"1","children":[{"QID":"undefined","QParent":"","QTypeID":"DESCRIPTION","QContent":"","QIndex":"1.1"}]},{"QID":"","QContent":"C\\u00e2u h\\u1ecfi m\\u1edbi","QTypeID":"MULTIPLE_CHOICE","QIndex":"2","children":[{"QID":"","QParent":"","QTypeID":"MC_OPTION","QContent":"C\\u00e2u tr\\u1ea3 l\\u1eddi 1","QIndex":"2.1"},{"QID":"","QParent":"","QTypeID":"MC_OPTION","QContent":"C\\u00e2u tr\\u1ea3 l\\u1eddi 2","QIndex":"2.2"}]},{"QID":"","QContent":"","QTypeID":"SUBTITLE","QIndex":"3","children":[{"QID":"undefined","QParent":"","QTypeID":"DESCRIPTION","QContent":"","QIndex":"3.1"}]},{"QID":"","QContent":"","QTypeID":"MULTIPLE_CHOICE","QIndex":"4","children":[{"QID":"","QParent":"","QTypeID":"MC_OPTION","QContent":"C\\u00e2u tr\\u1ea3 l\\u1eddi 1","QIndex":"4.1"}]}]', '2025-04-15 05:42:45', '2025-05-01 18:15:45'),
	(22, 'admin@gmail.com', 225, '[{"QID":"","QContent":"Ti\\u00eau \\u0111\\u1ec1 m\\u1edbi","QTypeID":"SUBTITLE","QIndex":"1","children":[{"QID":"undefined","QParent":"","QTypeID":"DESCRIPTION","QContent":"","QIndex":"1.1"}]},{"QID":"","QContent":"C\\u00e2u h\\u1ecfi m\\u1edbi","QTypeID":"MULTIPLE_CHOICE","QIndex":"2","children":[{"QID":"","QParent":"","QTypeID":"MC_OPTION","QContent":"C\\u00e2u tr\\u1ea3 l\\u1eddi 1","QIndex":"2.1"},{"QID":"","QParent":"","QTypeID":"MC_OPTION","QContent":"C\\u00e2u tr\\u1ea3 l\\u1eddi 2","QIndex":"2.2"}]}]', '2025-05-04 11:46:01', '2025-05-04 14:19:55'),
	(23, 'admin@gmail.com', 226, '[{"QID":"","QContent":"Ti\\u00eau \\u0111\\u1ec1 m\\u1edbi","QTypeID":"SUBTITLE","QIndex":"1","children":[{"QID":"undefined","QParent":"","QTypeID":"DESCRIPTION","QContent":"","QIndex":"1.1"}]},{"QID":"","QContent":"C\\u00e2u h\\u1ecfi m\\u1edbi","QTypeID":"MULTIPLE_CHOICE","QIndex":"2","children":[{"QID":"","QParent":"","QTypeID":"MC_OPTION","QContent":"C\\u00e2u tr\\u1ea3 l\\u1eddi 1","QIndex":"2.1"},{"QID":"","QParent":"","QTypeID":"MC_OPTION","QContent":"C\\u00e2u tr\\u1ea3 l\\u1eddi 2","QIndex":"2.2"}]}]', '2025-05-05 17:26:17', '2025-05-05 17:49:37'),
	(24, 'admin@gmail.com', 227, '[{"QContent":"Ti\\u00eau \\u0111\\u1ec1 m\\u1edbi","QTypeID":"SUBTITLE","QIndex":1,"children":[{"QTypeID":"DESCRIPTION","QContent":"","QIndex":"1.1"}]},{"QContent":"C\\u00e2u h\\u1ecfi m\\u1edbi","QTypeID":"MULTIPLE_CHOICE","QIndex":2,"children":[{"QTypeID":"MC_OPTION","QContent":"C\\u00e2u tr\\u1ea3 l\\u1eddi 1","QIndex":"2.1"},{"QTypeID":"MC_OPTION","QContent":"C\\u00e2u tr\\u1ea3 l\\u1eddi 2","QIndex":"2.2"}]}]', '2025-05-05 18:02:39', '2025-05-05 18:02:39'),
	(25, 'admin@gmail.com', 228, '[{"QContent":"Ti\\u00eau \\u0111\\u1ec1 m\\u1edbi","QTypeID":"SUBTITLE","QIndex":1,"children":[{"QTypeID":"DESCRIPTION","QContent":"","QIndex":"1.1"}]},{"QContent":"C\\u00e2u h\\u1ecfi m\\u1edbi","QTypeID":"MULTIPLE_CHOICE","QIndex":2,"children":[{"QTypeID":"MC_OPTION","QContent":"C\\u00e2u tr\\u1ea3 l\\u1eddi 1","QIndex":"2.1"},{"QTypeID":"MC_OPTION","QContent":"C\\u00e2u tr\\u1ea3 l\\u1eddi 2","QIndex":"2.2"}]}]', '2025-05-05 18:12:41', '2025-05-05 18:12:41');

-- Dumping structure for table sgukhaosat.file
CREATE TABLE IF NOT EXISTS `file` (
  `url` varchar(50) NOT NULL,
  `typeID` varchar(50) DEFAULT NULL,
  PRIMARY KEY (`url`),
  KEY `typeID` (`typeID`),
  CONSTRAINT `FK_file_form_type` FOREIGN KEY (`typeID`) REFERENCES `form_type` (`FTypeID`) ON DELETE NO ACTION ON UPDATE NO ACTION
) ENGINE=InnoDB DEFAULT CHARSET=utf8mb4 COLLATE=utf8mb4_general_ci;

-- Dumping data for table sgukhaosat.file: ~0 rows (approximately)

-- Dumping structure for table sgukhaosat.forms
CREATE TABLE IF NOT EXISTS `forms` (
  `FID` int(11) NOT NULL AUTO_INCREMENT,
  `FName` varchar(255) DEFAULT NULL,
  `UID` varchar(255) DEFAULT NULL,
  `TypeID` varchar(50) DEFAULT NULL,
  `MajorID` varchar(50) DEFAULT NULL,
  `PeriodID` int(11) DEFAULT 0,
  `Note` text DEFAULT NULL,
  `Limit` int(11) DEFAULT 0,
  `File` text DEFAULT NULL,
  `isPublic` tinyint(4) DEFAULT 0,
  `Status` tinyint(4) DEFAULT NULL,
  `isDelete` tinyint(4) DEFAULT 0,
  PRIMARY KEY (`FID`),
  KEY `TypeID` (`TypeID`),
  KEY `MajorID` (`MajorID`),
  KEY `PeriodID` (`PeriodID`),
  KEY `UID` (`UID`),
  CONSTRAINT `FK_forms_form_type` FOREIGN KEY (`TypeID`) REFERENCES `form_type` (`FTypeID`) ON DELETE NO ACTION ON UPDATE NO ACTION,
  CONSTRAINT `FK_forms_major` FOREIGN KEY (`MajorID`) REFERENCES `major` (`MajorID`) ON DELETE NO ACTION ON UPDATE NO ACTION,
  CONSTRAINT `FK_forms_period` FOREIGN KEY (`PeriodID`) REFERENCES `period` (`periodID`) ON DELETE NO ACTION ON UPDATE NO ACTION,
  CONSTRAINT `FK_forms_users` FOREIGN KEY (`UID`) REFERENCES `users` (`email`) ON DELETE NO ACTION ON UPDATE NO ACTION
) ENGINE=InnoDB AUTO_INCREMENT=229 DEFAULT CHARSET=utf8mb4 COLLATE=utf8mb4_general_ci;

-- Dumping data for table sgukhaosat.forms: ~39 rows (approximately)
INSERT IGNORE INTO `forms` (`FID`, `FName`, `UID`, `TypeID`, `MajorID`, `PeriodID`, `Note`, `Limit`, `File`, `isPublic`, `Status`, `isDelete`) VALUES
	(3, 'Triple-buffered leadingedge ability', 'admin@gmail.com', 'FT002', '7480201CLC', 2, 'Believe eat near but land bit matter.', 106, '', 0, 1, 0),
	(10, 'Survey Form ', 'admin@gmail.com', 'FT002', '7480201CLC', 3, 'This is a test form.', 1, '', 0, 1, 0),
	(58, 'Open-architected incremental attitude', NULL, 'FT002', '7480201', 3, 'Happen it wear here. Whether just experience.', 109, NULL, 0, 0, 0),
	(62, 'Survey Form', NULL, 'FT002', '7480201CLC', 3, 'This is a test form.', 100, '', 0, 0, 0),
	(65, 'Survey Form', NULL, 'FT002', '7480201CLC', 3, 'This is a test form.', 100, '', 0, 0, 0),
	(78, 'Survey Form', NULL, 'FT001', '7140114', 4, 'This is a test form.', 100, '', 0, 0, 0),
	(79, 'Survey Form', NULL, 'FT001', '7140114', 4, 'This is a test form.', 100, '', 0, 0, 0),
	(95, 'Survey Form', NULL, 'FT001', '7140114', 4, 'This is a test form.', 100, '', 0, 0, 0),
	(96, 'Survey Form', NULL, 'FT001', '7140114', 4, 'This is a test form.', 100, '', 0, 0, 0),
	(97, 'Survey Form', 'admin@gmail.com', 'FT001', '7140114', 4, 'This is a test form.', 100, '', 0, 0, 0),
	(98, 'Survey Form', 'admin@gmail.com', 'FT001', '7140114', 4, 'This is a test form.', 100, '', 0, 0, 0),
	(99, 'Survey Form', 'admin@gmail.com', 'FT001', '7140114', 4, 'This is a test form.', 100, '', 0, 0, 0),
	(105, 'Khảo sát Chuẩn đầu ra ngành 7440301', 'admin@gmail.com', 'FT001', '7440301', 1, 'Ghi chú mẫu 6', 88, 'file_6.pdf', 0, 1, 0),
	(203, 'Bảng khảo sát mới', 'admin@gmail.com', 'FT002', '7480201', 3, '', 0, '', 0, 1, 0),
	(204, 'Bảng khảo sát mới', 'admin@gmail.com', 'FT001', '7480201', 2, '', 0, '', 0, 1, 0),
	(205, 'Bảng khảo sát mới', 'admin@gmail.com', NULL, NULL, NULL, '', 0, '', 0, 0, 0),
	(206, 'Bảng khảo sát mới', 'admin@gmail.com', NULL, NULL, NULL, '', 0, '', 0, 0, 0),
	(207, 'Bảng khảo sát mới', 'admin@gmail.com', NULL, NULL, NULL, '', 0, '', 0, 0, 0),
	(208, 'Bảng khảo sát mới', 'admin@gmail.com', NULL, NULL, NULL, '', 0, '', 0, 0, 0),
	(209, 'Bảng khảo sát mới', 'admin@gmail.com', 'FT001', '7480201', 2, '', 0, '', 0, 0, 0),
	(210, 'Bảng khảo sát mới', 'admin@gmail.com', 'FT001', '7480201', 1, '', 0, '', 0, 1, 0),
	(211, 'Bảng khảo sát mới', 'admin@gmail.com', 'FT001', '7480201', 2, '', 0, '', 0, 1, 0),
	(212, 'Bảng khảo sát mới', 'admin@gmail.com', 'FT001', '7480201', 3, '', 0, '', 0, 1, 0),
	(213, 'Bảng khảo sát mới', 'admin@gmail.com', 'FT001', '7480201', 3, '', 0, '', 0, 1, 0),
	(214, 'Bảng khảo sát mới', 'admin@gmail.com', 'FT002', '7480201', 2, '', 0, '', 0, 1, 0),
	(215, 'Bảng khảo sát mới', 'admin@gmail.com', 'FT001', '7480201CLC', 3, '', 0, '', 0, 1, 0),
	(216, 'Bảng khảo sát mới', 'admin@gmail.com', 'FT001', '7480201CLC', 3, '', 0, '', 0, 1, 0),
	(217, 'Bảng khảo sát mới', 'admin@gmail.com', 'FT001', '7480201CLC', 2, '', 0, '', 0, 1, 0),
	(218, 'Bảng khảo sát mới', 'admin@gmail.com', NULL, NULL, NULL, '', 0, '', 0, 0, 0),
	(219, 'Bảng khảo sát mới', 'admin@gmail.com', NULL, NULL, NULL, '', 0, '', 0, 0, 0),
	(220, 'Bảng khảo sát mới', 'admin@gmail.com', NULL, NULL, NULL, '', 0, '', 0, 0, 0),
	(221, 'Bảng khảo sát mới', 'admin@gmail.com', NULL, NULL, NULL, '', 0, '', 0, 0, 0),
	(222, 'Bảng khảo sát mới', 'admin@gmail.com', NULL, NULL, NULL, '', 0, '', 0, 0, 0),
	(223, 'Bảng khảo sát mới', 'admin@gmail.com', 'FT001', '7480201', 7, '', 2, '', 0, 1, 0),
	(224, 'Bảng khảo sát mới  ', 'admin@gmail.com', NULL, NULL, NULL, '', 0, '', 0, 0, 0),
	(225, 'Bảng khảo sát mới', 'admin@gmail.com', NULL, NULL, NULL, '', 0, '', 0, 0, 0),
	(226, 'Bảng khảo sát mới', 'admin@gmail.com', NULL, NULL, NULL, '', 0, '', 0, 0, 0),
	(227, 'Bảng khảo sát mới', 'admin@gmail.com', NULL, NULL, NULL, '', 0, '', 0, 0, 0),
	(228, 'Bảng khảo sát mới', 'admin@gmail.com', NULL, NULL, NULL, '', 0, '', 0, 0, 0);

-- Dumping structure for table sgukhaosat.form_type
CREATE TABLE IF NOT EXISTS `form_type` (
  `FTypeID` varchar(50) NOT NULL,
  `FTypeName` text DEFAULT NULL,
  PRIMARY KEY (`FTypeID`)
) ENGINE=InnoDB DEFAULT CHARSET=utf8mb4 COLLATE=utf8mb4_general_ci;

-- Dumping data for table sgukhaosat.form_type: ~2 rows (approximately)
INSERT IGNORE INTO `form_type` (`FTypeID`, `FTypeName`) VALUES
	('FT001', 'Chuẩn đầu ra'),
	('FT002', 'Chương trình đào tạo');

-- Dumping structure for table sgukhaosat.major
CREATE TABLE IF NOT EXISTS `major` (
  `MajorID` varchar(50) NOT NULL,
  `MajorName` varchar(255) DEFAULT NULL,
  PRIMARY KEY (`MajorID`)
) ENGINE=InnoDB DEFAULT CHARSET=utf8mb4 COLLATE=utf8mb4_general_ci;

-- Dumping data for table sgukhaosat.major: ~33 rows (approximately)
INSERT IGNORE INTO `major` (`MajorID`, `MajorName`) VALUES
	('7140114', 'Quản lý giáo dục 2'),
	('7140201', 'Giáo dục Mầm non'),
	('7140202', 'Giáo dục Tiểu học'),
	('7140209', 'Sư phạm Toán học'),
	('7140211', 'Sư phạm Vật lí'),
	('7140212', 'Sư phạm Hóa học'),
	('7140213', 'Sư phạm Sinh học'),
	('7140217', 'Sư phạm Ngữ văn'),
	('7140219', 'Sư phạm Địa lí'),
	('7140221', 'Sư phạm Âm nhạc'),
	('7140222', 'Sư phạm Mĩ thuật'),
	('7140231', 'Sư phạm Tiếng Anh'),
	('7210205', 'Thanh nhạc'),
	('7220201', 'Ngôn ngữ Anh (CN Thương mại và Du lịch)'),
	('7310401', 'Tâm lý học'),
	('7310601', 'Quốc tế học'),
	('7310630', 'Việt Nam học (CN Văn hóa - Du lịch)'),
	('7320201', 'Thông tin - Thư viện'),
	('7340101', 'Quản trị kinh doanh'),
	('7340120', 'Kinh doanh quốc tế'),
	('7340201', 'Tài chính - Ngân hàng'),
	('7340301', 'Kế toán'),
	('7380101', 'Luật'),
	('7440301', 'Khoa học môi trường'),
	('7460112', 'Toán ứng dụng'),
	('7480103', 'Kỹ thuật phần mềm'),
	('7480201', 'Công nghệ thông tin'),
	('7480201CLC', 'Công nghệ thông tin (chương trình chất lượng cao)'),
	('7510301', 'Công nghệ kỹ thuật điện, điện tử'),
	('7510302', 'Công nghệ kỹ thuật điện tử - viễn thông'),
	('7510406', 'Công nghệ kỹ thuật môi trường'),
	('7520201', 'Kĩ thuật điện'),
	('7520207', 'Kĩ thuật điện tử - viễn thông');

-- Dumping structure for table sgukhaosat.period
CREATE TABLE IF NOT EXISTS `period` (
  `periodID` int(11) NOT NULL AUTO_INCREMENT,
  `startYear` year(4) DEFAULT NULL,
  `endYear` year(4) DEFAULT NULL,
  PRIMARY KEY (`periodID`)
) ENGINE=InnoDB AUTO_INCREMENT=8 DEFAULT CHARSET=utf8mb4 COLLATE=utf8mb4_general_ci;

-- Dumping data for table sgukhaosat.period: ~7 rows (approximately)
INSERT IGNORE INTO `period` (`periodID`, `startYear`, `endYear`) VALUES
	(1, '2000', '2004'),
	(2, '2004', '2008'),
	(3, '2008', '2012'),
	(4, '2012', '2016'),
	(5, '2016', '2020'),
	(6, '2020', '2024'),
	(7, '2024', '2028');

-- Dumping structure for table sgukhaosat.permissions
CREATE TABLE IF NOT EXISTS `permissions` (
  `permID` varchar(50) NOT NULL,
  `permName` varchar(50) NOT NULL,
  `permParent` varchar(50) DEFAULT NULL,
  PRIMARY KEY (`permID`),
  KEY `FK_permissions_permissions` (`permParent`),
  CONSTRAINT `FK_permissions_permissions` FOREIGN KEY (`permParent`) REFERENCES `permissions` (`permID`) ON DELETE NO ACTION ON UPDATE NO ACTION
) ENGINE=InnoDB DEFAULT CHARSET=utf8mb4 COLLATE=utf8mb4_general_ci;

-- Dumping data for table sgukhaosat.permissions: ~36 rows (approximately)
INSERT IGNORE INTO `permissions` (`permID`, `permName`, `permParent`) VALUES
	('ACCESS_ADMIN', 'Truy cập khu vực quản trị', 'ACCESS_ROOT'),
	('ACCESS_ROLE_EDITOR', 'Truy cập quản lý vai trò ', 'ACCESS_ROOT'),
	('ACCESS_ROOT', 'Truy cập hệ thống cấp cao nhất', NULL),
	('ACCESS_SETTINGS', 'Truy cập cài đặt hệ thống', 'ACCESS_ADMIN'),
	('ADD_FORM', 'Thêm khảo sát mới', 'MANAGE_FORMS'),
	('ADD_FORM_TYPE', 'Thêm loại hình khảo sát mới', 'MANAGE_FORM_TYPE'),
	('ADD_MAJOR', 'Thêm chuyên ngành', 'MANAGE_MAJOR'),
	('ADD_PERIOD', 'Thêm đợt khảo sát mới', 'MANAGE_PERIOD'),
	('ADD_USER', 'Thêm người dùng mới', 'MANAGE_USERS'),
	('ASSIGN_ROLE_USER', 'Gán vai trò cho người dùng', 'ACCESS_ROLE_EDITOR'),
	('DELETE_FORM', 'Xóa khảo sát', 'MANAGE_FORMS'),
	('DELETE_FORM_TYPE', 'Xóa loại hình khảo sát', 'MANAGE_FORM_TYPE'),
	('DELETE_MAJOR', 'Xóa chuyên ngành', 'MANAGE_MAJOR'),
	('DELETE_PERIOD', 'Xóa đợt khảo sát', 'MANAGE_PERIOD'),
	('DELETE_RESULT', 'Xóa kết quả khảo sát', 'MANAGE_RESULTS'),
	('DELETE_USER', 'Xóa người dùng', 'MANAGE_USERS'),
	('EDIT_ANOTHER_ROLE', 'Chỉnh sửa vai trò khác ', 'ACCESS_ROLE_EDITOR'),
	('EDIT_FORM', 'Chỉnh sửa khảo sát', 'MANAGE_FORMS'),
	('EDIT_FORM_TYPE', 'Sửa loại hình khảo sát', 'MANAGE_FORM_TYPE'),
	('EDIT_MAJOR', 'Sửa chuyên ngành', 'MANAGE_MAJOR'),
	('EDIT_PERIOD', 'Sửa đợt khảo sát', 'MANAGE_PERIOD'),
	('EDIT_ROLE_ADMIN', 'Chỉnh sửa vai trò đặc biệt (admin)', 'ACCESS_ROOT'),
	('EDIT_USER', 'Chỉnh sửa thông tin người dùng', 'MANAGE_USERS'),
	('MANAGE_FORMS', 'Quản lý khảo sát', 'ACCESS_ADMIN'),
	('MANAGE_FORM_TYPE', 'Quản lý loại hình khảo sát', 'ACCESS_ADMIN'),
	('MANAGE_MAJOR', 'Quản lý chuyên ngành', 'ACCESS_ADMIN'),
	('MANAGE_PERIOD', 'Quản lý đợt khảo sát', 'ACCESS_ADMIN'),
	('MANAGE_RESULTS', 'Quản lý kết quả khảo sát', 'ACCESS_ADMIN'),
	('MANAGE_ROLES', 'Quản lý vai trò người dùng', 'ACCESS_ADMIN'),
	('MANAGE_USERS', 'Quản lý người dùng', 'ACCESS_ADMIN'),
	('VIEW_FORM', 'Xem danh sách khảo sát', 'MANAGE_FORMS'),
	('VIEW_FORM_TYPE', 'Xem danh sách loại hình khảo sát', 'MANAGE_FORM_TYPE'),
	('VIEW_MAJOR', 'Xem danh sách chuyên ngành', 'MANAGE_MAJOR'),
	('VIEW_PERIOD', 'Xem danh sách đợt khảo sát', 'MANAGE_PERIOD'),
	('VIEW_RESULT', 'Xem kết quả khảo sát', 'MANAGE_RESULTS'),
	('VIEW_USER', 'Xem danh sách người dùng', 'MANAGE_USERS');

-- Dumping structure for table sgukhaosat.position
CREATE TABLE IF NOT EXISTS `position` (
  `PositionID` int(11) NOT NULL AUTO_INCREMENT,
  `PositionName` varchar(255) NOT NULL,
  PRIMARY KEY (`PositionID`)
) ENGINE=InnoDB DEFAULT CHARSET=utf8mb4 COLLATE=utf8mb4_general_ci;

-- Dumping data for table sgukhaosat.position: ~0 rows (approximately)

-- Dumping structure for table sgukhaosat.question
CREATE TABLE IF NOT EXISTS `question` (
  `QID` int(11) NOT NULL AUTO_INCREMENT,
  `FID` int(11) DEFAULT NULL,
  `QIndex` varchar(50) DEFAULT NULL,
  `QContent` text DEFAULT NULL,
  `QParent` int(11) DEFAULT NULL,
  `QTypeID` varchar(50) DEFAULT NULL,
  `isDeleted` tinyint(4) DEFAULT 0,
  `QRequired` tinyint(4) DEFAULT 0,
  PRIMARY KEY (`QID`),
  KEY `FID` (`FID`),
  KEY `QTypeID` (`QTypeID`),
  KEY `FK_question_question` (`QParent`),
  CONSTRAINT `FK_question_forms` FOREIGN KEY (`FID`) REFERENCES `forms` (`FID`) ON DELETE NO ACTION ON UPDATE NO ACTION,
  CONSTRAINT `FK_question_question` FOREIGN KEY (`QParent`) REFERENCES `question` (`QID`) ON DELETE NO ACTION ON UPDATE NO ACTION,
  CONSTRAINT `FK_question_question_type` FOREIGN KEY (`QTypeID`) REFERENCES `question_type` (`QTypeID`) ON DELETE NO ACTION ON UPDATE NO ACTION
) ENGINE=InnoDB AUTO_INCREMENT=5943 DEFAULT CHARSET=utf8mb4 COLLATE=utf8mb4_general_ci;

-- Dumping data for table sgukhaosat.question: ~410 rows (approximately)
INSERT IGNORE INTO `question` (`QID`, `FID`, `QIndex`, `QContent`, `QParent`, `QTypeID`, `isDeleted`, `QRequired`) VALUES
	(131, 58, '1', 'Tax apply however improve.', NULL, 'LONG_TEXT', 0, 0),
	(132, 58, '2', 'Site director back attorney forward plan through.', NULL, 'GRID_MC_ROW', 0, 0),
	(133, 58, '3', 'This but thus option the.', NULL, 'CHECKBOX_OPTION', 0, 0),
	(134, 58, '4', 'Notice sister back case big certainly reveal spring.', NULL, 'SHORT_TEXT', 0, 0),
	(135, 58, '5', 'Successful have reality quickly discussion magazine people.', NULL, 'GRID_MC_ROW', 0, 0),
	(136, 58, '6', 'Appear agency action state theory view.', NULL, 'GRID_MC_ROW', 0, 0),
	(137, 58, '7', 'Hand meeting anyone inside boy music.', NULL, 'SHORT_TEXT', 0, 0),
	(138, 58, '8', 'Save marriage wonder according there.', NULL, 'GRID_CHECKBOX_ROW', 0, 0),
	(139, 58, '9', 'Her already film.', NULL, 'GRID_CHECKBOX', 0, 0),
	(140, 58, '10', 'Follow alone note goal picture anything fire.', NULL, 'CHECKBOX', 0, 0),
	(141, 58, '10.1', 'Think now spend picture white home.', 140, 'GRID_CHECKBOX', 0, 0),
	(142, 58, '10.2', 'Go during five scientist suddenly writer.', 140, 'MC_OPTION', 0, 0),
	(143, 58, '10.3', 'Like great camera yes practice.', 140, 'SHORT_TEXT', 0, 0),
	(144, 58, '11', 'Choice pretty charge.', NULL, 'GRID_CHECKBOX_COLUMN', 0, 0),
	(145, 58, '12', 'Participant morning consumer outside.', NULL, 'CHECKBOX_OPTION', 0, 0),
	(146, 58, '13', 'Mission expect like future well wear.', NULL, 'GRID_MC_COLUMN', 0, 0),
	(147, 58, '14', 'That ahead specific process imagine beautiful example news.', NULL, 'GRID_CHECKBOX_COLUMN', 0, 0),
	(148, 58, '15', 'For man nature well.', NULL, 'SUBTITLE', 0, 0),
	(149, 58, '16', 'Candidate care forget realize foot investment card.', NULL, 'CHECKBOX_OPTION', 0, 0),
	(150, 58, '17', 'Reason both knowledge better character size.', NULL, 'SUBTITLE', 0, 0),
	(151, 58, '18', 'Fight dog TV.', NULL, 'GRID_MC_ROW', 0, 0),
	(152, 58, '19', 'Mouth care thought when nature.', NULL, 'GRID_MULTIPLE_CHOICE', 0, 0),
	(153, 58, '19.1', 'Two determine number eat.', 152, 'GRID_CHECKBOX', 0, 0),
	(154, 58, '19.2', 'Lead Congress guess official she.', 152, 'CHECKBOX', 0, 0),
	(155, 58, '20', 'Information tough show might boy.', NULL, 'GRID_CHECKBOX_COLUMN', 0, 0),
	(156, 58, '21', 'Democrat material seek everybody.', NULL, 'GRID_MULTIPLE_CHOICE', 0, 0),
	(157, 58, '21.1', 'Of any ever section certainly organization remain.', 156, 'GRID_MULTIPLE_CHOICE', 0, 0),
	(158, 58, '21.2', 'Affect other life occur.', 156, 'GRID_MULTIPLE_CHOICE', 0, 0),
	(159, 58, '22', 'Yes Democrat few me better first time.', NULL, 'SHORT_TEXT', 0, 0),
	(160, 58, '23', 'Moment dark wide sound physical number relate.', NULL, 'GRID_MULTIPLE_CHOICE', 0, 0),
	(161, 58, '23.1', 'Simply reason various collection particular.', 160, 'CHECKBOX', 0, 0),
	(162, 58, '23.2', 'Debate choose until describe where unit exist.', 160, 'GRID_CHECKBOX_ROW', 0, 0),
	(163, 58, '24', 'Traditional modern loss morning.', NULL, 'SHORT_TEXT', 0, 0),
	(164, 58, '25', 'Quickly culture trip whose PM seven his.', NULL, 'MC_OPTION', 0, 0),
	(165, 58, '26', 'Rate thing star middle.', NULL, 'MULTIPLE_CHOICE', 0, 0),
	(166, 58, '26.1', 'Minute condition hold exist.', 165, 'SHORT_TEXT', 0, 0),
	(167, 58, '26.2', 'Focus no center father how.', 165, 'DROPDOWN_OPTION', 0, 0),
	(168, 58, '26.3', 'Indicate toward beat machine.', 165, 'MC_OPTION', 0, 0),
	(169, 58, '27', 'Strategy radio mean end himself every one.', NULL, 'LONG_TEXT', 0, 0),
	(170, 58, '28', 'Get response discussion whose audience.', NULL, 'MC_OPTION', 0, 0),
	(171, 58, '29', 'Baby executive pass thing only.', NULL, 'DROPDOWN', 0, 0),
	(172, 58, '30', 'Act bad design oil mean scene rather.', NULL, 'LONG_TEXT', 0, 0),
	(173, 58, '31', 'Arm air outside career before.', NULL, 'MC_OPTION', 0, 0),
	(174, 58, '32', 'Game country treat third beautiful bit teacher heavy.', NULL, 'GRID_MC_ROW', 0, 0),
	(175, 58, '33', 'Hold fear board offer message.', NULL, 'DROPDOWN_OPTION', 0, 0),
	(176, 58, '34', 'Area sea business thing sign lay owner.', NULL, 'MULTIPLE_CHOICE', 0, 0),
	(177, 58, '34.1', 'Argue human chance edge at daughter whole.', 176, 'DROPDOWN', 0, 0),
	(178, 58, '34.2', 'On thought debate apply.', 176, 'GRID_CHECKBOX_COLUMN', 0, 0),
	(179, 58, '34.3', 'Thought picture think computer us process after.', 176, 'DROPDOWN', 0, 0),
	(180, 58, '35', 'Police after improve those relate floor.', NULL, 'MC_OPTION', 0, 0),
	(181, 58, '36', 'Read through indeed these kind smile land.', NULL, 'MC_OPTION', 0, 0),
	(182, 58, '37', 'Head art account live write wind fine.', NULL, 'MC_OPTION', 0, 0),
	(183, 58, '38', 'Class cover fire fear operation call its.', NULL, 'CHECKBOX', 0, 0),
	(184, 58, '38.1', 'Purpose any ground quite yes soldier cover.', 183, 'MULTIPLE_CHOICE', 0, 0),
	(185, 58, '38.2', 'Pattern conference new current some company.', 183, 'GRID_CHECKBOX', 0, 0),
	(186, 58, '38.3', 'Black alone place.', 183, 'GRID_CHECKBOX_ROW', 0, 0),
	(187, 58, '39', 'Somebody movie consumer know heavy.', NULL, 'GRID_MULTIPLE_CHOICE', 0, 0),
	(188, 58, '39.1', 'Tax song left measure.', 187, 'GRID_CHECKBOX_ROW', 0, 0),
	(189, 58, '39.2', 'Attention read across yard what above color.', 187, 'CHECKBOX_OPTION', 0, 0),
	(190, 58, '39.3', 'Feeling laugh boy big per.', 187, 'GRID_MULTIPLE_CHOICE', 0, 0),
	(191, 58, '40', 'Once recent recognize concern.', NULL, 'MULTIPLE_CHOICE', 0, 0),
	(192, 58, '40.1', 'Best maintain card too idea table energy staff.', 191, 'GRID_MULTIPLE_CHOICE', 0, 0),
	(193, 58, '40.2', 'Difference or test near.', 191, 'LONG_TEXT', 0, 0),
	(194, 58, '40.3', 'Police source improve charge.', 191, 'SHORT_TEXT', 0, 0),
	(195, 58, '41', 'Stuff important especially read break large.', NULL, 'DESCRIPTION', 0, 0),
	(196, 58, '42', 'Set reason run party certainly can.', NULL, 'GRID_MC_ROW', 0, 0),
	(197, 58, '43', 'Artist develop interesting lot other artist.', NULL, 'DROPDOWN_OPTION', 0, 0),
	(198, 58, '44', 'Cell treat identify practice.', NULL, 'DESCRIPTION', 0, 0),
	(199, 58, '45', 'Poor affect them.', NULL, 'GRID_MC_COLUMN', 0, 0),
	(200, 58, '46', 'Note five him past.', NULL, 'CHECKBOX', 0, 0),
	(201, 58, '46.1', 'Light read event discover give.', 200, 'CHECKBOX_OPTION', 0, 0),
	(202, 58, '46.2', 'Staff low describe chair very color customer.', 200, 'MC_OPTION', 0, 0),
	(203, 58, '46.3', 'Son government prevent world anyone.', 200, 'DROPDOWN_OPTION', 0, 0),
	(204, 58, '47', 'Majority risk from evidence.', NULL, 'GRID_CHECKBOX_ROW', 0, 0),
	(205, 58, '48', 'But Democrat wrong television necessary.', NULL, 'MC_OPTION', 0, 0),
	(206, 58, '49', 'Consider short carry believe day away whatever else.', NULL, 'CHECKBOX_OPTION', 0, 0),
	(207, 58, '50', 'Bill scene cause marriage entire.', NULL, 'SUBTITLE', 0, 0),
	(208, 58, '51', 'Similar available write base shoulder begin environment.', NULL, 'SHORT_TEXT', 0, 0),
	(209, 58, '52', 'Particularly agency rather go wrong.', NULL, 'SUBTITLE', 0, 0),
	(210, 58, '53', 'Trade direction never something.', NULL, 'SHORT_TEXT', 0, 0),
	(211, 58, '54', 'Parent law model value.', NULL, 'DROPDOWN_OPTION', 0, 0),
	(212, 58, '55', 'Fear eat return.', NULL, 'SHORT_TEXT', 0, 0),
	(213, 58, '56', 'Morning scientist together.', NULL, 'MULTIPLE_CHOICE', 0, 0),
	(214, 58, '56.1', 'Nice partner serve land personal civil.', 213, 'DESCRIPTION', 0, 0),
	(215, 58, '56.2', 'Body college see.', 213, 'LONG_TEXT', 0, 0),
	(216, 58, '56.3', 'Them half over range have.', 213, 'SHORT_TEXT', 0, 0),
	(217, 58, '57', 'As everyone president you.', NULL, 'DROPDOWN', 0, 0),
	(218, 58, '58', 'Newspaper care production decision realize trade.', NULL, 'GRID_MC_ROW', 0, 0),
	(219, 58, '59', 'Without girl history college writer thus health air.', NULL, 'GRID_CHECKBOX_COLUMN', 0, 0),
	(220, 58, '60', 'Instead practice test idea fire.', NULL, 'MULTIPLE_CHOICE', 0, 0),
	(221, 58, '60.1', 'Television government turn class change throughout whose however.', 220, 'GRID_CHECKBOX_ROW', 0, 0),
	(222, 58, '60.2', 'Make ability message quality practice local back.', 220, 'MULTIPLE_CHOICE', 0, 0),
	(223, 58, '60.3', 'Although throughout beyond recently service.', 220, 'GRID_MC_ROW', 0, 0),
	(224, 58, '61', 'Do technology name operation share weight subject machine.', NULL, 'SUBTITLE', 0, 0),
	(225, 58, '62', 'Media bring popular single southern because improve up.', NULL, 'LONG_TEXT', 0, 0),
	(226, 58, '63', 'Carry collection foreign physical.', NULL, 'CHECKBOX_OPTION', 0, 0),
	(227, 58, '64', 'Matter movement occur on money top recently.', NULL, 'DROPDOWN', 0, 0),
	(228, 58, '65', 'Already appear usually employee study must long.', NULL, 'MC_OPTION', 0, 0),
	(229, 58, '66', 'Bill general attack.', NULL, 'GRID_MC_COLUMN', 0, 0),
	(230, 58, '67', 'Call great next help.', NULL, 'SUBTITLE', 0, 0),
	(231, 58, '68', 'Television total deal compare number camera heart.', NULL, 'GRID_CHECKBOX_ROW', 0, 0),
	(232, 58, '69', 'Newspaper eight situation father end prove would.', NULL, 'GRID_CHECKBOX_ROW', 0, 0),
	(233, 58, '70', 'Expert provide first quickly future realize owner focus.', NULL, 'SUBTITLE', 0, 0),
	(234, 58, '71', 'Happen service age total color country effect.', NULL, 'DROPDOWN', 0, 0),
	(235, 58, '72', 'Plant argue task not country fight American.', NULL, 'SUBTITLE', 0, 0),
	(236, 58, '73', 'Show upon father they.', NULL, 'CHECKBOX', 0, 0),
	(237, 58, '73.1', 'Claim enjoy weight citizen down create everything.', 236, 'MULTIPLE_CHOICE', 0, 0),
	(238, 58, '73.2', 'Remember lead away.', 236, 'DESCRIPTION', 0, 0),
	(239, 58, '73.3', 'Better want force end often past too.', 236, 'DROPDOWN', 0, 0),
	(240, 58, '73.4', 'Never support training cell pass like accept.', 236, 'DROPDOWN', 0, 0),
	(241, 58, '74', 'Daughter window positive close pretty want they.', NULL, 'MC_OPTION', 0, 0),
	(242, 58, '75', 'Indicate take effect protect perhaps for long.', NULL, 'MC_OPTION', 0, 0),
	(243, 58, '76', 'Drop be somebody style drug.', NULL, 'DROPDOWN_OPTION', 0, 0),
	(244, 58, '77', 'Note away mouth process.', NULL, 'GRID_MC_COLUMN', 0, 0),
	(245, 58, '78', 'Professional example time best.', NULL, 'LONG_TEXT', 0, 0),
	(246, 58, '79', 'Money opportunity hard between.', NULL, 'DROPDOWN_OPTION', 0, 0),
	(247, 58, '80', 'Human computer head set.', NULL, 'MULTIPLE_CHOICE', 0, 0),
	(248, 58, '80.1', 'Few note benefit east bar.', 247, 'CHECKBOX_OPTION', 0, 0),
	(249, 58, '80.2', 'Car me strong.', 247, 'MC_OPTION', 0, 0),
	(250, 58, '80.3', 'Over may rather grow race.', 247, 'CHECKBOX_OPTION', 0, 0),
	(251, 58, '80.4', 'A energy store bad small break.', 247, 'SUBTITLE', 0, 0),
	(252, 58, '81', 'Believe first opportunity now office individual.', NULL, 'GRID_CHECKBOX_COLUMN', 0, 0),
	(253, 58, '82', 'Strategy wide by left carry.', NULL, 'MULTIPLE_CHOICE', 0, 0),
	(254, 58, '82.1', 'Performance enjoy particularly.', 253, 'DROPDOWN', 0, 0),
	(255, 58, '82.2', 'American tax lose in story determine.', 253, 'MULTIPLE_CHOICE', 0, 0),
	(256, 58, '82.3', 'Technology everything explain north leave reveal.', 253, 'GRID_MC_COLUMN', 0, 0),
	(257, 58, '82.4', 'Measure dog arrive.', 253, 'LONG_TEXT', 0, 0),
	(258, 58, '83', 'Cost create national clearly be necessary.', NULL, 'GRID_CHECKBOX', 0, 0),
	(259, 58, '84', 'Season similar sport likely foreign.', NULL, 'SUBTITLE', 0, 0),
	(260, 58, '85', 'Pull past image test.', NULL, 'GRID_MC_ROW', 0, 0),
	(261, 58, '86', 'Point our store office ability.', NULL, 'GRID_MC_COLUMN', 0, 0),
	(262, 58, '87', 'Bed once church upon exactly item factor.', NULL, 'CHECKBOX_OPTION', 0, 0),
	(263, 58, '88', 'Focus body nature standard pattern current.', NULL, 'LONG_TEXT', 0, 0),
	(264, 58, '89', 'Officer majority interesting.', NULL, 'MC_OPTION', 0, 0),
	(265, 58, '90', 'Compare rate piece.', NULL, 'CHECKBOX', 0, 0),
	(266, 58, '90.1', 'Local risk serve.', 265, 'GRID_CHECKBOX_COLUMN', 0, 0),
	(267, 58, '90.2', 'Then sea energy customer bank.', 265, 'GRID_CHECKBOX_COLUMN', 0, 0),
	(268, 58, '90.3', 'Charge ever believe happen relationship.', 265, 'GRID_CHECKBOX_ROW', 0, 0),
	(269, 58, '90.4', 'On enter somebody difference buy result option.', 265, 'DROPDOWN', 0, 0),
	(270, 58, '91', 'Out consumer home door manager.', NULL, 'GRID_MC_COLUMN', 0, 0),
	(271, 58, '92', 'Hope pattern fact ever raise explain.', NULL, 'SUBTITLE', 0, 0),
	(272, 58, '93', 'Assume second east gas within fish forget.', NULL, 'GRID_CHECKBOX', 0, 0),
	(273, 58, '94', 'Contain nearly task everyone.', NULL, 'CHECKBOX', 0, 0),
	(274, 58, '94.1', 'Manage resource whatever eight economy face.', 273, 'SUBTITLE', 0, 0),
	(275, 58, '94.2', 'Sure half station business board special.', 273, 'GRID_MULTIPLE_CHOICE', 0, 0),
	(276, 58, '94.3', 'Half feeling without provide security occur television.', 273, 'DESCRIPTION', 0, 0),
	(277, 58, '95', 'Under product early itself position.', NULL, 'DROPDOWN', 0, 0),
	(278, 58, '96', 'Try bed throughout for though air.', NULL, 'CHECKBOX', 0, 0),
	(279, 58, '96.1', 'Tough during old myself life performance possible.', 278, 'SHORT_TEXT', 0, 0),
	(280, 58, '96.2', 'Fine whether bank amount safe scene.', 278, 'MC_OPTION', 0, 0),
	(281, 58, '97', 'President surface set present.', NULL, 'MC_OPTION', 0, 0),
	(282, 58, '98', 'Value mind make teach financial market.', NULL, 'GRID_CHECKBOX', 0, 0),
	(283, 58, '99', 'Culture eye across improve.', NULL, 'GRID_MC_COLUMN', 0, 0),
	(284, 58, '100', 'Education example wind brother wall either.', NULL, 'GRID_CHECKBOX_COLUMN', 0, 0),
	(1663, 62, '1', 'What is your favorite drink?', NULL, 'SUBTITLE', 0, 0),
	(1664, 62, '1.1', 'Tea', 1663, 'DESCRIPTION', 0, 0),
	(1665, 62, '2', 'What is your name?', NULL, 'SHORT_TEXT', 0, 0),
	(1666, 62, '3', 'Tell us about your experience with online shopping.', NULL, 'LONG_TEXT', 0, 0),
	(1667, 62, '4', 'Which of these features are important in a laptop?', NULL, 'CHECKBOX', 0, 0),
	(1668, 62, '4.1', 'Battery life', 1667, 'CHECKBOX_OPTION', 0, 0),
	(1669, 62, '4.2', 'Processor speed', 1667, 'CHECKBOX_OPTION', 0, 0),
	(1670, 62, '5', 'Rate your satisfaction with the following services:', NULL, 'GRID_MULTIPLE_CHOICE', 0, 0),
	(1671, 62, '5.1', 'Very Satisfied', 1670, 'GRID_MC_ROW', 0, 0),
	(1672, 62, '5.2', 'Satisfied', 1670, 'GRID_MC_ROW', 0, 0),
	(1673, 62, '5.3', 'Neutral', 1670, 'GRID_MC_ROW', 0, 0),
	(1674, 62, '5.4', 'Dissatisfied', 1670, 'GRID_MC_ROW', 0, 0),
	(1675, 62, '5.5', 'Very Dissatisfied', 1670, 'GRID_MC_ROW', 0, 0),
	(1676, 62, '5.1.1', 'Delivery Speed', 1670, 'GRID_MC_COLUMN', 0, 0),
	(1677, 62, '5.1.2', 'TEST', 1670, 'GRID_MC_COLUMN', 0, 0),
	(1678, 65, '1', 'What is your favorite drink?', NULL, 'SUBTITLE', 0, 0),
	(1679, 65, '1.1', 'Tea', 1678, 'DESCRIPTION', 0, 0),
	(1680, 65, '2', 'What is your name?', NULL, 'SHORT_TEXT', 0, 0),
	(1681, 65, '3', 'Tell us about your experience with online shopping.', NULL, 'LONG_TEXT', 0, 0),
	(1682, 65, '4', 'Which of these features are important in a laptop?', NULL, 'CHECKBOX', 0, 0),
	(1683, 65, '4.1', 'Battery life', 1682, 'CHECKBOX_OPTION', 0, 0),
	(1684, 65, '4.2', 'Processor speed', 1682, 'CHECKBOX_OPTION', 0, 0),
	(1685, 65, '5', 'Rate your satisfaction with the following services:', NULL, 'GRID_MULTIPLE_CHOICE', 0, 0),
	(1686, 65, '5.1', 'Very Satisfied', 1685, 'GRID_MC_ROW', 0, 0),
	(1687, 65, '5.2', 'Satisfied', 1685, 'GRID_MC_ROW', 0, 0),
	(1688, 65, '5.3', 'Neutral', 1685, 'GRID_MC_ROW', 0, 0),
	(1689, 65, '5.4', 'Dissatisfied', 1685, 'GRID_MC_ROW', 0, 0),
	(1690, 65, '5.5', 'Very Dissatisfied', 1685, 'GRID_MC_ROW', 0, 0),
	(1691, 65, '5.1.1', 'Delivery Speed', 1685, 'GRID_MC_COLUMN', 0, 0),
	(1692, 65, '5.1.2', 'TEST', 1685, 'GRID_MC_COLUMN', 0, 0),
	(1693, 78, '1', 'What is your favorite drink?', NULL, 'SUBTITLE', 0, 0),
	(1694, 78, '1.1', 'Tea', 1693, 'DESCRIPTION', 0, 0),
	(1695, 78, '2', 'What is your name?', NULL, 'SHORT_TEXT', 0, 0),
	(1696, 78, '3', 'Tell us about your experience with online shopping.', NULL, 'LONG_TEXT', 0, 0),
	(1697, 78, '4', 'Which of these features are important in a laptop?', NULL, 'CHECKBOX', 0, 0),
	(1698, 78, '4.1', 'Battery life', 1697, 'CHECKBOX_OPTION', 0, 0),
	(1699, 78, '4.2', 'Processor speed', 1697, 'CHECKBOX_OPTION', 0, 0),
	(1700, 78, '5', 'Rate your satisfaction with the following services:', NULL, 'GRID_MULTIPLE_CHOICE', 0, 0),
	(1701, 78, '5.1', 'Very Satisfied', 1700, 'GRID_MC_ROW', 0, 0),
	(1702, 78, '5.2', 'Satisfied', 1700, 'GRID_MC_ROW', 0, 0),
	(1703, 78, '5.3', 'Neutral', 1700, 'GRID_MC_ROW', 0, 0),
	(1704, 78, '5.4', 'Dissatisfied', 1700, 'GRID_MC_ROW', 0, 0),
	(1705, 78, '5.5', 'Very Dissatisfied', 1700, 'GRID_MC_ROW', 0, 0),
	(1706, 78, '5.1.1', 'Delivery Speed', 1700, 'GRID_MC_COLUMN', 0, 0),
	(1707, 78, '5.1.2', 'TEST', 1700, 'GRID_MC_COLUMN', 0, 0),
	(1708, 79, '1', 'What is your favorite drink?', NULL, 'SUBTITLE', 0, 0),
	(1709, 79, '1.1', 'Tea', 1708, 'DESCRIPTION', 0, 0),
	(1710, 79, '2', 'What is your name?', NULL, 'SHORT_TEXT', 0, 0),
	(1711, 79, '3', 'Tell us about your experience with online shopping.', NULL, 'LONG_TEXT', 0, 0),
	(1712, 79, '4', 'Which of these features are important in a laptop?', NULL, 'CHECKBOX', 0, 0),
	(1713, 79, '4.1', 'Battery life', 1712, 'CHECKBOX_OPTION', 0, 0),
	(1714, 79, '4.2', 'Processor speed', 1712, 'CHECKBOX_OPTION', 0, 0),
	(1715, 79, '5', 'Rate your satisfaction with the following services:', NULL, 'GRID_MULTIPLE_CHOICE', 0, 0),
	(1716, 79, '5.1', 'Very Satisfied', 1715, 'GRID_MC_ROW', 0, 0),
	(1717, 79, '5.2', 'Satisfied', 1715, 'GRID_MC_ROW', 0, 0),
	(1718, 79, '5.3', 'Neutral', 1715, 'GRID_MC_ROW', 0, 0),
	(1719, 79, '5.4', 'Dissatisfied', 1715, 'GRID_MC_ROW', 0, 0),
	(1720, 79, '5.5', 'Very Dissatisfied', 1715, 'GRID_MC_ROW', 0, 0),
	(1721, 79, '5.1.1', 'Delivery Speed', 1715, 'GRID_MC_COLUMN', 0, 0),
	(1722, 79, '5.1.2', 'TEST', 1715, 'GRID_MC_COLUMN', 0, 0),
	(1862, 95, '1', 'What is your favorite drink?', NULL, 'SUBTITLE', 0, 0),
	(1863, 95, '1.1', 'Tea', 1862, 'DESCRIPTION', 0, 0),
	(1864, 95, '2', 'What is your name?', NULL, 'SHORT_TEXT', 0, 0),
	(1865, 95, '3', 'Tell us about your experience with online shopping.', NULL, 'LONG_TEXT', 0, 0),
	(1866, 95, '4', 'Which of these features are important in a laptop?', NULL, 'CHECKBOX', 0, 0),
	(1867, 95, '4.1', 'Battery life', 1866, 'CHECKBOX_OPTION', 0, 0),
	(1868, 95, '4.2', 'Processor speed', 1866, 'CHECKBOX_OPTION', 0, 0),
	(1869, 95, '5', 'Rate your satisfaction with the following services:', NULL, 'GRID_MULTIPLE_CHOICE', 0, 0),
	(1870, 95, '5.1', 'Very Satisfied', 1869, 'GRID_MC_ROW', 0, 0),
	(1871, 95, '5.2', 'Satisfied', 1869, 'GRID_MC_ROW', 0, 0),
	(1872, 95, '5.3', 'Neutral', 1869, 'GRID_MC_ROW', 0, 0),
	(1873, 95, '5.4', 'Dissatisfied', 1869, 'GRID_MC_ROW', 0, 0),
	(1874, 95, '5.5', 'Very Dissatisfied', 1869, 'GRID_MC_ROW', 0, 0),
	(1875, 95, '5.1.1', 'Delivery Speed', 1869, 'GRID_MC_COLUMN', 0, 0),
	(1876, 95, '5.1.2', 'TEST', 1869, 'GRID_MC_COLUMN', 0, 0),
	(1877, 96, '1', 'What is your favorite drink?', NULL, 'SUBTITLE', 0, 0),
	(1878, 96, '1.1', 'Tea', 1877, 'DESCRIPTION', 0, 0),
	(1879, 96, '2', 'What is your name?', NULL, 'SHORT_TEXT', 0, 0),
	(1880, 96, '3', 'Tell us about your experience with online shopping.', NULL, 'LONG_TEXT', 0, 0),
	(1881, 96, '4', 'Which of these features are important in a laptop?', NULL, 'CHECKBOX', 0, 0),
	(1882, 96, '4.1', 'Battery life', 1881, 'CHECKBOX_OPTION', 0, 0),
	(1883, 96, '4.2', 'Processor speed', 1881, 'CHECKBOX_OPTION', 0, 0),
	(1884, 96, '5', 'Rate your satisfaction with the following services:', NULL, 'GRID_MULTIPLE_CHOICE', 0, 0),
	(1885, 96, '5.1', 'Very Satisfied', 1884, 'GRID_MC_ROW', 0, 0),
	(1886, 96, '5.2', 'Satisfied', 1884, 'GRID_MC_ROW', 0, 0),
	(1887, 96, '5.3', 'Neutral', 1884, 'GRID_MC_ROW', 0, 0),
	(1888, 96, '5.4', 'Dissatisfied', 1884, 'GRID_MC_ROW', 0, 0),
	(1889, 96, '5.5', 'Very Dissatisfied', 1884, 'GRID_MC_ROW', 0, 0),
	(1890, 96, '5.1.1', 'Delivery Speed', 1884, 'GRID_MC_COLUMN', 0, 0),
	(1891, 96, '5.1.2', 'TEST', 1884, 'GRID_MC_COLUMN', 0, 0),
	(1892, 97, '1', 'What is your favorite drink?', NULL, 'SUBTITLE', 0, 0),
	(1893, 97, '1.1', 'Tea', 1892, 'DESCRIPTION', 0, 0),
	(1894, 97, '2', 'What is your name?', NULL, 'SHORT_TEXT', 0, 0),
	(1895, 97, '3', 'Tell us about your experience with online shopping.', NULL, 'LONG_TEXT', 0, 0),
	(1896, 97, '4', 'Which of these features are important in a laptop?', NULL, 'CHECKBOX', 0, 0),
	(1897, 97, '4.1', 'Battery life', 1896, 'CHECKBOX_OPTION', 0, 0),
	(1898, 97, '4.2', 'Processor speed', 1896, 'CHECKBOX_OPTION', 0, 0),
	(1899, 97, '5', 'Rate your satisfaction with the following services:', NULL, 'GRID_MULTIPLE_CHOICE', 0, 0),
	(1900, 97, '5.1', 'Very Satisfied', 1899, 'GRID_MC_ROW', 0, 0),
	(1901, 97, '5.2', 'Satisfied', 1899, 'GRID_MC_ROW', 0, 0),
	(1902, 97, '5.3', 'Neutral', 1899, 'GRID_MC_ROW', 0, 0),
	(1903, 97, '5.4', 'Dissatisfied', 1899, 'GRID_MC_ROW', 0, 0),
	(1904, 97, '5.5', 'Very Dissatisfied', 1899, 'GRID_MC_ROW', 0, 0),
	(1905, 97, '5.1.1', 'Delivery Speed', 1899, 'GRID_MC_COLUMN', 0, 0),
	(1906, 97, '5.1.2', 'TEST', 1899, 'GRID_MC_COLUMN', 0, 0),
	(1907, 98, '1', 'What is your favorite drink?', NULL, 'SUBTITLE', 0, 0),
	(1908, 98, '1.1', 'Tea', 1907, 'DESCRIPTION', 0, 0),
	(1909, 98, '2', 'What is your name?', NULL, 'SHORT_TEXT', 0, 0),
	(1910, 98, '3', 'Tell us about your experience with online shopping.', NULL, 'LONG_TEXT', 0, 0),
	(1911, 98, '4', 'Which of these features are important in a laptop?', NULL, 'CHECKBOX', 0, 0),
	(1912, 98, '4.1', 'Battery life', 1911, 'CHECKBOX_OPTION', 0, 0),
	(1913, 98, '4.2', 'Processor speed', 1911, 'CHECKBOX_OPTION', 0, 0),
	(1914, 98, '5', 'Rate your satisfaction with the following services:', NULL, 'GRID_MULTIPLE_CHOICE', 0, 0),
	(1915, 98, '5.1', 'Very Satisfied', 1914, 'GRID_MC_ROW', 0, 0),
	(1916, 98, '5.2', 'Satisfied', 1914, 'GRID_MC_ROW', 0, 0),
	(1917, 98, '5.3', 'Neutral', 1914, 'GRID_MC_ROW', 0, 0),
	(1918, 98, '5.4', 'Dissatisfied', 1914, 'GRID_MC_ROW', 0, 0),
	(1919, 98, '5.5', 'Very Dissatisfied', 1914, 'GRID_MC_ROW', 0, 0),
	(1920, 98, '5.1.1', 'Delivery Speed', 1914, 'GRID_MC_COLUMN', 0, 0),
	(1921, 98, '5.1.2', 'TEST', 1914, 'GRID_MC_COLUMN', 0, 0),
	(1922, 99, '1', 'What is your favorite drink?', NULL, 'SUBTITLE', 0, 0),
	(1923, 99, '1.1', 'Tea', 1922, 'DESCRIPTION', 0, 0),
	(1924, 99, '2', 'What is your name?', NULL, 'SHORT_TEXT', 0, 0),
	(1925, 99, '3', 'Tell us about your experience with online shopping.', NULL, 'LONG_TEXT', 0, 0),
	(1926, 99, '4', 'Which of these features are important in a laptop?', NULL, 'CHECKBOX', 0, 0),
	(1927, 99, '4.1', 'Battery life', 1926, 'CHECKBOX_OPTION', 0, 0),
	(1928, 99, '4.2', 'Processor speed', 1926, 'CHECKBOX_OPTION', 0, 0),
	(1929, 99, '5', 'Rate your satisfaction with the following services:', NULL, 'GRID_MULTIPLE_CHOICE', 0, 0),
	(1930, 99, '5.1', 'Very Satisfied', 1929, 'GRID_MC_ROW', 0, 0),
	(1931, 99, '5.2', 'Satisfied', 1929, 'GRID_MC_ROW', 0, 0),
	(1932, 99, '5.3', 'Neutral', 1929, 'GRID_MC_ROW', 0, 0),
	(1933, 99, '5.4', 'Dissatisfied', 1929, 'GRID_MC_ROW', 0, 0),
	(1934, 99, '5.5', 'Very Dissatisfied', 1929, 'GRID_MC_ROW', 0, 0),
	(1935, 99, '5.1.1', 'Delivery Speed', 1929, 'GRID_MC_COLUMN', 0, 0),
	(1936, 99, '5.1.2', 'TEST', 1929, 'GRID_MC_COLUMN', 0, 0),
	(4636, 3, '2', 'Property little chair total be race role.', NULL, 'SUBTITLE', 0, 0),
	(4637, 3, '2', 'Agent teach military newspaper believe rate bad.', NULL, 'CHECKBOX', 1, 0),
	(4638, 3, '2.1', 'Câu trả lời 1', 4637, 'CHECKBOX_OPTION', 0, 0),
	(4639, 3, '2.2', 'Câu trả lời 2', 4637, 'CHECKBOX_OPTION', 0, 0),
	(4640, 3, '2.3', 'Câu trả lời 3', 4637, 'CHECKBOX_OPTION', 0, 0),
	(5497, 3, '1', 'Agent teach military newspaper believe rate bad.', NULL, 'CHECKBOX', 0, 0),
	(5498, 3, '1.1', 'Câu trả lời 1', 5497, 'CHECKBOX_OPTION', 0, 0),
	(5499, 3, '1.2', 'Câu trả lời 2', 5497, 'CHECKBOX_OPTION', 0, 0),
	(5500, 3, '1.3', 'Câu trả lời 3', 5497, 'CHECKBOX_OPTION', 0, 0),
	(5695, 10, '2', 'What is your favorite drink?', NULL, 'SUBTITLE', 0, 0),
	(5696, 10, '2.1', '- Một cái mô tả gì đó', 5695, 'DESCRIPTION', 0, 0),
	(5701, 10, '6', 'Tell us about your experience with online shopping.', NULL, 'LONG_TEXT', 0, 0),
	(5723, 10, '3', 'Which of these features are important in a laptop?', NULL, 'CHECKBOX', 1, 0),
	(5724, 10, '3.1', 'Battery life', 5723, 'CHECKBOX_OPTION', 0, 0),
	(5725, 10, '3.3', 'Câu trả lời 3', 5723, 'CHECKBOX_OPTION', 0, 0),
	(5726, 10, '3.4', 'Processor speed', 5723, 'CHECKBOX_OPTION', 0, 0),
	(5727, 10, '3.2', 'Câu trả lời 4', 5723, 'CHECKBOX_OPTION', 0, 0),
	(5728, 10, '3.5', 'Câu trả lời 5', 5723, 'CHECKBOX_OPTION', 0, 0),
	(5802, 10, '7', 'Rate your satisfaction with the following services:', NULL, 'GRID_CHECKBOX', 0, 0),
	(5803, 10, '7.1', 'Very Satisfied', 5802, 'GRID_CHECKBOX_ROW', 0, 0),
	(5804, 10, '7.2', 'Satisfied', 5802, 'GRID_CHECKBOX_ROW', 0, 0),
	(5805, 10, '7.3', 'Neutral', 5802, 'GRID_CHECKBOX_ROW', 0, 0),
	(5806, 10, '7.4', 'Dissatisfied', 5802, 'GRID_CHECKBOX_ROW', 0, 0),
	(5807, 10, '7.5', 'Very Dissatisfied', 5802, 'GRID_CHECKBOX_ROW', 0, 0),
	(5808, 10, '7.1.1', 'Delivery Speed', 5802, 'GRID_CHECKBOX_COLUMN', 0, 0),
	(5809, 10, '7.1.2', 'TEST', 5802, 'GRID_CHECKBOX_COLUMN', 0, 0),
	(5810, 10, '7.1.3', 'Câu trả lời 3', 5802, 'GRID_CHECKBOX_COLUMN', 0, 0),
	(5831, 10, '8', '', NULL, 'GRID_MULTIPLE_CHOICE', 0, 0),
	(5832, 10, '8.1', 'Câu trả lời 1', 5831, 'GRID_MC_ROW', 0, 0),
	(5833, 10, '8.2', 'Câu trả lời 2', 5831, 'GRID_MC_ROW', 0, 0),
	(5834, 10, '8.3', 'Câu trả lời 3', 5831, 'GRID_MC_ROW', 0, 0),
	(5835, 10, '8.4', 'Câu trả lời 4', 5831, 'GRID_MC_ROW', 0, 0),
	(5836, 10, '8.1.1', 'Câu trả lời 1', 5831, 'GRID_MC_COLUMN', 0, 0),
	(5837, 10, '8.1.2', 'Câu trả lời 2', 5831, 'GRID_MC_COLUMN', 0, 0),
	(5838, 10, '8.1.3', 'Câu trả lời 3', 5831, 'GRID_MC_COLUMN', 0, 0),
	(5839, 10, '8.1.4', 'Câu trả lời 4', 5831, 'GRID_MC_COLUMN', 0, 0),
	(5840, 10, '8.1.5', 'Câu trả lời 5', 5831, 'GRID_MC_COLUMN', 0, 0),
	(5854, 10, '1', 'What is your name? ', NULL, 'SHORT_TEXT', 0, 0),
	(5855, 10, '4', 'ABCCASD', NULL, 'MULTIPLE_CHOICE', 0, 0),
	(5856, 10, '4.1', 'Câu trả lời 1', 5855, 'MC_OPTION', 0, 0),
	(5857, 10, '4.2', 'Câu trả lời 2', 5855, 'MC_OPTION', 0, 0),
	(5858, 10, '4.3', 'Câu trả lời 3', 5855, 'MC_OPTION', 0, 0),
	(5859, 10, '4.4', 'Câu trả lời 4', 5855, 'MC_OPTION', 0, 0),
	(5860, 10, '4.5', 'Khác', 5855, 'MC_OPTION', 0, 0),
	(5861, 10, '3', 'Trả lời cái gì đó đi ', NULL, 'DROPDOWN', 0, 0),
	(5862, 10, '3.1', 'Câu trả lời 1', 5861, 'DROPDOWN_OPTION', 0, 0),
	(5863, 10, '3.5', 'Câu trả lời 4', 5861, 'DROPDOWN_OPTION', 0, 0),
	(5864, 10, '3.2', 'Câu trả lời 2', 5861, 'DROPDOWN_OPTION', 0, 0),
	(5865, 10, '3.3', 'Câu trả lời 3', 5861, 'DROPDOWN_OPTION', 0, 0),
	(5866, 10, '3.4', 'Câu trả lời 5', 5861, 'DROPDOWN_OPTION', 0, 0),
	(5867, 204, '1', 'Tiêu đề mới     ', NULL, 'SUBTITLE', 0, 0),
	(5868, 204, '1.1', '', 5867, 'DESCRIPTION', 0, 0),
	(5869, 204, '2', 'Câu hỏi mới   ', NULL, 'MULTIPLE_CHOICE', 0, 0),
	(5870, 204, '2.1', 'Câu trả lời 1', 5869, 'MC_OPTION', 0, 0),
	(5871, 204, '2.2', 'Câu trả lời 2', 5869, 'MC_OPTION', 0, 0),
	(5872, 204, '2.3', 'Câu trả lời 3', 5869, 'MC_OPTION', 0, 0),
	(5873, 204, '2.4', 'Câu trả lời 4 dasda', 5869, 'MC_OPTION', 0, 0),
	(5874, 203, '1', 'Tiêu đề mới ', NULL, 'SUBTITLE', 0, 0),
	(5875, 203, '1.1', '', 5874, 'DESCRIPTION', 0, 0),
	(5876, 203, '2', 'Tiêu đề gì đó ', NULL, 'SUBTITLE', 0, 0),
	(5877, 203, '2.1', '', 5876, 'DESCRIPTION', 0, 0),
	(5878, 203, '3', '', NULL, 'MULTIPLE_CHOICE', 0, 0),
	(5879, 203, '3.1', '', 5878, 'MC_OPTION', 0, 0),
	(5880, 203, '4', '', NULL, 'MULTIPLE_CHOICE', 0, 0),
	(5881, 203, '4.1', 'Câu trả lời 1', 5880, 'MC_OPTION', 0, 0),
	(5882, 210, '1', 'Tiêu đề mới', NULL, 'SUBTITLE', 0, 0),
	(5883, 210, '1.1', '', 5882, 'DESCRIPTION', 0, 0),
	(5884, 210, '2', 'Câu hỏi mới', NULL, 'MULTIPLE_CHOICE', 0, 0),
	(5885, 210, '2.1', 'Câu trả lời 1', 5884, 'MC_OPTION', 0, 0),
	(5886, 210, '2.2', 'Câu trả lời 2', 5884, 'MC_OPTION', 0, 0),
	(5887, 211, '1', 'Tiêu đề mới', NULL, 'SUBTITLE', 0, 0),
	(5888, 211, '1.1', '', 5887, 'DESCRIPTION', 0, 0),
	(5889, 211, '2', 'Câu hỏi mới', NULL, 'MULTIPLE_CHOICE', 0, 0),
	(5890, 211, '2.1', 'Câu trả lời 1', 5889, 'MC_OPTION', 0, 0),
	(5891, 211, '2.2', 'Câu trả lời 2', 5889, 'MC_OPTION', 0, 0),
	(5892, 211, '2.3', 'Câu trả lời 3', 5889, 'MC_OPTION', 0, 0),
	(5893, 212, '1', 'Tiêu đề mới', NULL, 'SUBTITLE', 0, 0),
	(5894, 212, '1.1', '', 5893, 'DESCRIPTION', 0, 0),
	(5900, 213, '1', 'Tiêu đề mới', NULL, 'SUBTITLE', 0, 0),
	(5901, 213, '1.1', '', 5900, 'DESCRIPTION', 0, 0),
	(5902, 213, '2', 'Câu hỏi mới', NULL, 'MULTIPLE_CHOICE', 0, 0),
	(5903, 213, '2.1', 'Câu trả lời 1', 5902, 'MC_OPTION', 0, 0),
	(5904, 213, '2.2', 'Câu trả lời 2', 5902, 'MC_OPTION', 0, 0),
	(5905, 213, '2.3', 'Câu trả lời 3', 5902, 'MC_OPTION', 0, 0),
	(5906, 214, '1', 'Tiêu đề mới', NULL, 'SUBTITLE', 0, 0),
	(5907, 214, '1.1', '', 5906, 'DESCRIPTION', 0, 0),
	(5908, 214, '2', 'Câu hỏi mới', NULL, 'MULTIPLE_CHOICE', 0, 0),
	(5909, 214, '2.1', 'Câu trả lời 1', 5908, 'MC_OPTION', 0, 0),
	(5910, 214, '2.2', 'Câu trả lời 2', 5908, 'MC_OPTION', 0, 0),
	(5911, 212, '2', 'Câu hỏi mới', NULL, 'MULTIPLE_CHOICE', 0, 0),
	(5912, 212, '2.1', 'Câu trả lời 1', 5911, 'MC_OPTION', 0, 0),
	(5913, 212, '2.2', 'Câu trả lời 2', 5911, 'MC_OPTION', 0, 0),
	(5914, 212, '2.3', 'Câu trả lời 3', 5911, 'MC_OPTION', 0, 0),
	(5915, 212, '2.4', 'Câu trả lời 4', 5911, 'MC_OPTION', 0, 0),
	(5916, 212, '2.5', 'Câu trả lời 5', 5911, 'MC_OPTION', 0, 0),
	(5917, 215, '1', 'Tiêu đề mới', NULL, 'SUBTITLE', 0, 0),
	(5918, 215, '1.1', '', 5917, 'DESCRIPTION', 0, 0),
	(5919, 215, '2', 'Câu hỏi mới', NULL, 'MULTIPLE_CHOICE', 0, 0),
	(5920, 215, '2.1', 'Câu trả lời 1', 5919, 'MC_OPTION', 0, 0),
	(5921, 215, '2.2', 'Câu trả lời 2', 5919, 'MC_OPTION', 0, 0),
	(5922, 216, '1', 'Tiêu đề mới', NULL, 'SUBTITLE', 0, 0),
	(5923, 216, '1.1', '', 5922, 'DESCRIPTION', 0, 0),
	(5924, 216, '2', 'Câu hỏi mới', NULL, 'MULTIPLE_CHOICE', 0, 0),
	(5925, 216, '2.1', 'Câu trả lời 1', 5924, 'MC_OPTION', 0, 0),
	(5926, 216, '2.2', 'Câu trả lời 2', 5924, 'MC_OPTION', 0, 0),
	(5927, 217, '1', 'Tiêu đề mới', NULL, 'SUBTITLE', 0, 0),
	(5928, 217, '1.1', '', 5927, 'DESCRIPTION', 0, 0),
	(5929, 217, '2', 'Câu hỏi mới', NULL, 'MULTIPLE_CHOICE', 0, 0),
	(5930, 217, '2.1', 'Câu trả lời 1', 5929, 'MC_OPTION', 0, 0),
	(5931, 217, '2.2', 'Câu trả lời 2', 5929, 'MC_OPTION', 0, 0),
	(5932, 223, '1', 'Tiêu đề mới', NULL, 'SUBTITLE', 0, 0),
	(5933, 223, '1.1', '', 5932, 'DESCRIPTION', 0, 0),
	(5934, 223, '2', 'Đề cương chi tiết ', NULL, 'SHORT_TEXT', 1, 0),
	(5935, 223, '3', 'Khảo sát về chương trình đào tạo ', NULL, 'GRID_MULTIPLE_CHOICE', 0, 0),
	(5936, 223, '3.1.1', 'Câu trả lời 1', 5935, 'GRID_MC_COLUMN', 0, 0),
	(5937, 223, '2', 'Đề cương chi tiết _2', NULL, 'SHORT_TEXT', 0, 0),
	(5938, 10, '5', 'ADASDa ', NULL, 'CHECKBOX', 0, 0),
	(5939, 10, '5.1', 'Câu trả lời 1', 5938, 'CHECKBOX_OPTION', 0, 0),
	(5940, 10, '5.2', 'Câu trả lời 2', 5938, 'CHECKBOX_OPTION', 0, 0),
	(5941, 10, '5.3', 'Câu trả lời 3', 5938, 'CHECKBOX_OPTION', 0, 0),
	(5942, 10, '5.4', 'Câu trả lời 4', 5938, 'CHECKBOX_OPTION', 0, 0);

-- Dumping structure for table sgukhaosat.question_type
CREATE TABLE IF NOT EXISTS `question_type` (
  `QTypeID` varchar(50) NOT NULL DEFAULT 'AUTO_INCREMENT',
  `TypeName` varchar(50) DEFAULT NULL,
  `QParent` varchar(50) DEFAULT NULL,
  PRIMARY KEY (`QTypeID`),
  KEY `FK_question_type_question_type` (`QParent`),
  CONSTRAINT `FK_question_type_question_type` FOREIGN KEY (`QParent`) REFERENCES `question_type` (`QTypeID`) ON DELETE NO ACTION ON UPDATE NO ACTION
) ENGINE=InnoDB DEFAULT CHARSET=utf8mb4 COLLATE=utf8mb4_general_ci;

-- Dumping data for table sgukhaosat.question_type: ~17 rows (approximately)
INSERT IGNORE INTO `question_type` (`QTypeID`, `TypeName`, `QParent`) VALUES
	('ANOTHER_OPTION', 'Another Option', 'MULTIPLE_CHOICE'),
	('CHECKBOX', 'Checkbox', NULL),
	('CHECKBOX_OPTION', 'Checkbox Option', 'CHECKBOX'),
	('DESCRIPTION', 'Description', 'SUBTITLE'),
	('DROPDOWN', 'Dropdown', NULL),
	('DROPDOWN_OPTION', 'Dropdown Option', 'DROPDOWN'),
	('GRID_CHECKBOX', 'Grid Checkbox', NULL),
	('GRID_CHECKBOX_COLUMN', 'Grid Checkbox Column', 'GRID_CHECKBOX'),
	('GRID_CHECKBOX_ROW', 'Grid Checkbox Row', 'GRID_CHECKBOX'),
	('GRID_MC_COLUMN', 'Grid Multiple Choice Column', 'GRID_MULTIPLE_CHOICE'),
	('GRID_MC_ROW', 'Grid Multiple Choice Row', 'GRID_MULTIPLE_CHOICE'),
	('GRID_MULTIPLE_CHOICE', 'Grid Multiple Choice', NULL),
	('LONG_TEXT', 'Long Text', NULL),
	('MC_OPTION', 'Multiple Choice Option', 'MULTIPLE_CHOICE'),
	('MULTIPLE_CHOICE', 'Multiple Choice', NULL),
	('SHORT_TEXT', 'Short Text', NULL),
	('SUBTITLE', 'Subtitle', NULL);

-- Dumping structure for table sgukhaosat.result
CREATE TABLE IF NOT EXISTS `result` (
  `RID` int(11) NOT NULL AUTO_INCREMENT,
  `FID` int(11) DEFAULT NULL,
  `UID` varchar(50) DEFAULT NULL,
  `Date` datetime DEFAULT NULL,
  PRIMARY KEY (`RID`),
  KEY `FID` (`FID`),
  KEY `UID` (`UID`),
  CONSTRAINT `FK_result_forms` FOREIGN KEY (`FID`) REFERENCES `forms` (`FID`) ON DELETE NO ACTION ON UPDATE NO ACTION,
  CONSTRAINT `FK_result_users` FOREIGN KEY (`UID`) REFERENCES `users` (`email`) ON DELETE NO ACTION ON UPDATE NO ACTION
) ENGINE=InnoDB AUTO_INCREMENT=3 DEFAULT CHARSET=utf8mb4 COLLATE=utf8mb4_general_ci;

-- Dumping data for table sgukhaosat.result: ~2 rows (approximately)
INSERT IGNORE INTO `result` (`RID`, `FID`, `UID`, `Date`) VALUES
	(1, 3, 'admin@gmail.com', '2025-04-13 14:06:46'),
	(2, 223, 'user@gmail.com', '2025-04-15 10:20:51');

-- Dumping structure for table sgukhaosat.roles
CREATE TABLE IF NOT EXISTS `roles` (
  `roleID` varchar(50) NOT NULL,
  `roleName` varchar(50) NOT NULL,
  `acceptDelete` tinyint(4) DEFAULT NULL,
  `created_at` datetime DEFAULT NULL,
  `updated_at` datetime DEFAULT NULL,
  PRIMARY KEY (`roleID`)
) ENGINE=InnoDB DEFAULT CHARSET=utf8mb4 COLLATE=utf8mb4_general_ci;

-- Dumping data for table sgukhaosat.roles: ~33 rows (approximately)
INSERT IGNORE INTO `roles` (`roleID`, `roleName`, `acceptDelete`, `created_at`, `updated_at`) VALUES
	('ACCOUNTANT', 'Kế toán viên', 1, '2024-05-04 14:30:00', '2024-05-04 14:30:00'),
	('ADMIN', 'Administrator', 0, '2025-05-06 19:41:42', '2025-05-06 19:41:44'),
	('ADMIN_MANAGER', 'Quản trị viên hệ thống', 1, '2024-05-01 08:30:00', '2024-05-01 08:30:00'),
	('ANALYST', 'Chuyên viên phân tích', 1, '2024-05-02 08:20:30', '2024-05-02 08:20:30'),
	('CONTENT_WRITER', 'Người viết nội dung', 1, '2024-05-01 09:15:22', '2024-05-01 09:15:22'),
	('CUSTOMER_SERVICE', 'Nhân viên chăm sóc khách hàng', 1, '2024-05-08 10:30:20', '2024-05-08 10:30:20'),
	('DATABASE_ADMIN', 'Quản trị cơ sở dữ liệu', 1, '2024-05-07 09:30:15', '2024-05-07 09:30:15'),
	('DATA_SCIENTIST', 'Chuyên gia dữ liệu', 1, '2024-05-12 15:30:00', '2024-05-12 15:30:00'),
	('DESIGNER', 'Nhà thiết kế', 1, '2024-05-02 11:10:45', '2024-05-02 11:10:45'),
	('DEVELOPER', 'Lập trình viên', 1, '2024-05-05 10:45:30', '2024-05-05 10:45:30'),
	('EDITOR', 'Biên tập viên', 1, '2024-05-01 10:05:15', '2024-05-01 10:05:15'),
	('EVENT_COORDINATOR', 'Điều phối sự kiện', 1, '2024-05-14 09:20:30', '2024-05-14 09:20:30'),
	('FINANCE_MANAGER', 'Quản lý tài chính', 1, '2024-05-04 09:05:15', '2024-05-04 09:05:15'),
	('GUEST', 'Guest', 1, '2025-05-06 19:41:45', '2025-05-11 09:29:27'),
	('HR_MANAGER', 'Quản lý nhân sự', 1, '2024-05-03 08:00:00', '2024-05-03 08:00:00'),
	('INVENTORY_MANAGER', 'Quản lý kho', 1, '2024-05-10 08:15:30', '2024-05-10 08:15:30'),
	('LEGAL_ADVISOR', 'Cố vấn pháp lý', 1, '2024-05-13 09:10:20', '2024-05-13 09:10:20'),
	('LOGISTICS_OFFICER', 'Nhân viên logistics', 1, '2024-05-10 13:40:00', '2024-05-10 13:40:00'),
	('MARKETING', 'Nhân viên marketing', 1, '2024-05-02 09:45:12', '2024-05-02 09:45:12'),
	('NETWORK_ENGINEER', 'Kỹ sư mạng', 1, '2024-05-07 14:15:45', '2024-05-07 14:15:45'),
	('PRODUCT_MANAGER', 'Quản lý sản phẩm', 1, '2024-05-11 09:25:15', '2024-05-11 09:25:15'),
	('PROJECT_MANAGER', 'Quản lý dự án', 1, '2024-05-05 09:15:00', '2024-05-05 09:15:00'),
	('PUBLIC_RELATIONS', 'Chuyên viên quan hệ công chúng', 1, '2024-05-13 11:45:55', '2024-05-13 11:45:55'),
	('QUALITY_ASSURANCE', 'Đảm bảo chất lượng', 1, '2024-05-11 14:50:30', '2024-05-11 14:50:30'),
	('RECRUITER', 'Nhân viên tuyển dụng', 1, '2024-05-03 10:25:30', '2024-05-03 10:25:30'),
	('RESEARCH_ANALYST', 'Chuyên viên nghiên cứu', 1, '2024-05-12 10:05:45', '2024-05-12 10:05:45'),
	('SALES_EXECUTIVE', 'Nhân viên kinh doanh', 1, '2024-05-09 11:20:45', '2024-05-09 11:20:45'),
	('SALES_MANAGER', 'Quản lý bán hàng', 1, '2024-05-09 09:00:10', '2024-05-09 09:00:10'),
	('SECURITY_OFFICER', 'Chuyên viên an ninh', 1, '2024-05-08 08:45:00', '2024-05-08 08:45:00'),
	('SOCIAL_MEDIA_MANAGER', 'Quản lý truyền thông xã hội', 1, '2024-05-14 14:00:15', '2024-05-14 14:00:15'),
	('SYSTEM_ADMIN', 'Quản trị hệ thống', 1, '2024-05-06 13:50:22', '2024-05-06 13:50:22'),
	('TESTER', 'Kiểm thử viên', 1, '2024-05-06 08:20:00', '2024-05-06 08:20:00'),
	('USER', 'Regular User', 0, '2025-05-06 19:41:40', '2025-05-11 16:07:19');

-- Dumping structure for table sgukhaosat.role_permission
CREATE TABLE IF NOT EXISTS `role_permission` (
  `roleID` varchar(50) NOT NULL,
  `permID` varchar(50) NOT NULL,
  PRIMARY KEY (`roleID`,`permID`),
  KEY `FK_permID_permissions` (`permID`),
  CONSTRAINT `FK_permID_permissions` FOREIGN KEY (`permID`) REFERENCES `permissions` (`permID`) ON DELETE NO ACTION ON UPDATE NO ACTION,
  CONSTRAINT `FK_roleID_role_permission` FOREIGN KEY (`roleID`) REFERENCES `roles` (`roleID`) ON DELETE NO ACTION ON UPDATE NO ACTION
) ENGINE=InnoDB DEFAULT CHARSET=utf8mb4 COLLATE=utf8mb4_general_ci;

-- Dumping data for table sgukhaosat.role_permission: ~98 rows (approximately)
INSERT IGNORE INTO `role_permission` (`roleID`, `permID`) VALUES
	('ADMIN', 'ACCESS_ADMIN'),
	('ADMIN', 'ACCESS_ROLE_EDITOR'),
	('ADMIN', 'ACCESS_SETTINGS'),
	('ADMIN', 'ADD_FORM'),
	('ADMIN', 'ADD_FORM_TYPE'),
	('ADMIN', 'ADD_MAJOR'),
	('ADMIN', 'ADD_PERIOD'),
	('ADMIN', 'ADD_USER'),
	('ADMIN', 'ASSIGN_ROLE_USER'),
	('ADMIN', 'DELETE_FORM'),
	('ADMIN', 'DELETE_FORM_TYPE'),
	('ADMIN', 'DELETE_MAJOR'),
	('ADMIN', 'DELETE_PERIOD'),
	('ADMIN', 'DELETE_RESULT'),
	('ADMIN', 'DELETE_USER'),
	('ADMIN', 'EDIT_FORM'),
	('ADMIN', 'EDIT_FORM_TYPE'),
	('ADMIN', 'EDIT_MAJOR'),
	('ADMIN', 'EDIT_PERIOD'),
	('ADMIN', 'EDIT_USER'),
	('ADMIN', 'MANAGE_FORMS'),
	('ADMIN', 'MANAGE_FORM_TYPE'),
	('ADMIN', 'MANAGE_MAJOR'),
	('ADMIN', 'MANAGE_PERIOD'),
	('ADMIN', 'MANAGE_RESULTS'),
	('ADMIN', 'MANAGE_USERS'),
	('ADMIN', 'VIEW_FORM'),
	('ADMIN', 'VIEW_FORM_TYPE'),
	('ADMIN', 'VIEW_MAJOR'),
	('ADMIN', 'VIEW_PERIOD'),
	('ADMIN', 'VIEW_RESULT'),
	('ADMIN', 'VIEW_USER'),
	('GUEST', 'ACCESS_ADMIN'),
	('GUEST', 'ACCESS_SETTINGS'),
	('GUEST', 'ADD_FORM'),
	('GUEST', 'ADD_FORM_TYPE'),
	('GUEST', 'ADD_MAJOR'),
	('GUEST', 'ADD_PERIOD'),
	('GUEST', 'ADD_USER'),
	('GUEST', 'DELETE_FORM'),
	('GUEST', 'DELETE_FORM_TYPE'),
	('GUEST', 'DELETE_MAJOR'),
	('GUEST', 'DELETE_PERIOD'),
	('GUEST', 'DELETE_RESULT'),
	('GUEST', 'DELETE_USER'),
	('GUEST', 'EDIT_FORM'),
	('GUEST', 'EDIT_FORM_TYPE'),
	('GUEST', 'EDIT_MAJOR'),
	('GUEST', 'EDIT_PERIOD'),
	('GUEST', 'EDIT_USER'),
	('GUEST', 'MANAGE_FORMS'),
	('GUEST', 'MANAGE_FORM_TYPE'),
	('GUEST', 'MANAGE_MAJOR'),
	('GUEST', 'MANAGE_PERIOD'),
	('GUEST', 'MANAGE_RESULTS'),
	('GUEST', 'MANAGE_ROLES'),
	('GUEST', 'MANAGE_USERS'),
	('GUEST', 'VIEW_FORM'),
	('GUEST', 'VIEW_FORM_TYPE'),
	('GUEST', 'VIEW_MAJOR'),
	('GUEST', 'VIEW_PERIOD'),
	('GUEST', 'VIEW_RESULT'),
	('GUEST', 'VIEW_USER'),
	('USER', 'ACCESS_ADMIN'),
	('USER', 'ACCESS_ROLE_EDITOR'),
	('USER', 'ACCESS_SETTINGS'),
	('USER', 'ADD_FORM'),
	('USER', 'ADD_FORM_TYPE'),
	('USER', 'ADD_MAJOR'),
	('USER', 'ADD_PERIOD'),
	('USER', 'ADD_USER'),
	('USER', 'ASSIGN_ROLE_USER'),
	('USER', 'DELETE_FORM'),
	('USER', 'DELETE_FORM_TYPE'),
	('USER', 'DELETE_MAJOR'),
	('USER', 'DELETE_PERIOD'),
	('USER', 'DELETE_RESULT'),
	('USER', 'DELETE_USER'),
	('USER', 'EDIT_ANOTHER_ROLE'),
	('USER', 'EDIT_FORM'),
	('USER', 'EDIT_FORM_TYPE'),
	('USER', 'EDIT_MAJOR'),
	('USER', 'EDIT_PERIOD'),
	('USER', 'EDIT_ROLE_ADMIN'),
	('USER', 'EDIT_USER'),
	('USER', 'MANAGE_FORMS'),
	('USER', 'MANAGE_FORM_TYPE'),
	('USER', 'MANAGE_MAJOR'),
	('USER', 'MANAGE_PERIOD'),
	('USER', 'MANAGE_RESULTS'),
	('USER', 'MANAGE_ROLES'),
	('USER', 'MANAGE_USERS'),
	('USER', 'VIEW_FORM'),
	('USER', 'VIEW_FORM_TYPE'),
	('USER', 'VIEW_MAJOR'),
	('USER', 'VIEW_PERIOD'),
	('USER', 'VIEW_RESULT'),
	('USER', 'VIEW_USER');

-- Dumping structure for table sgukhaosat.users
CREATE TABLE IF NOT EXISTS `users` (
  `email` varchar(50) NOT NULL,
  `password` varchar(255) DEFAULT NULL,
  `roleID` varchar(50) DEFAULT NULL,
  `position` varchar(50) DEFAULT NULL,
  `fullName` varchar(50) DEFAULT NULL,
  `phone` varchar(50) DEFAULT NULL,
  `created_at` datetime DEFAULT NULL,
  `updated_at` datetime DEFAULT NULL,
  `status` tinyint(4) DEFAULT NULL,
  PRIMARY KEY (`email`),
  KEY `roleId` (`roleID`) USING BTREE,
  CONSTRAINT `FK_users_roles` FOREIGN KEY (`roleID`) REFERENCES `roles` (`roleID`) ON DELETE NO ACTION ON UPDATE NO ACTION
) ENGINE=InnoDB DEFAULT CHARSET=utf8mb4 COLLATE=utf8mb4_general_ci;

-- Dumping data for table sgukhaosat.users: ~35 rows (approximately)
INSERT IGNORE INTO `users` (`email`, `password`, `roleID`, `position`, `fullName`, `phone`, `created_at`, `updated_at`, `status`) VALUES
	('admin@gmail.com', '$2y$08$MlJpZzhrlUFPh/AWKgyWv.lxLNdo7lWzlGaUxhWY03rlH6NUBoUlq', 'ADMIN', NULL, NULL, NULL, '2025-04-02 06:11:31', '2025-05-11 20:23:21', 1),
	('andrew.davis@example.com', 'password3030', 'USER', 'Regular User', 'Andrew Davis', NULL, '2025-05-06 19:41:40', '2025-05-11 09:27:31', 0),
	('anna.miller@example.com', 'password101', 'ANALYST', 'Chuyên viên phân tích', 'Anna Miller', NULL, '2024-05-02 08:20:30', '2024-05-02 08:20:30', 1),
	('bob.brown@example.com', 'password202', 'CONTENT_WRITER', 'Người viết nội dung', 'Bob Brown', NULL, '2024-05-01 09:15:22', '2024-05-01 09:15:22', 1),
	('carol.martin@example.com', 'password1414', 'LEGAL_ADVISOR', 'Cố vấn pháp lý', 'Carol Martin', NULL, '2024-05-13 09:10:20', '2024-05-13 09:10:20', 1),
	('chris.white@example.com', 'password808', 'EDITOR', 'Biên tập viên', 'Chris White', NULL, '2024-05-01 10:05:15', '2024-05-01 10:05:15', 1),
	('david.moore@example.com', 'password1515', 'LOGISTICS_OFFICER', 'Nhân viên logistics', 'David Moore', NULL, '2024-05-10 13:40:00', '2024-05-10 13:40:00', 1),
	('emily.hernandez@example.com', 'password1818', 'PRODUCT_MANAGER', 'Quản lý sản phẩm', 'Emily Hernandez', NULL, '2024-05-11 09:25:15', '2024-05-11 09:25:15', 1),
	('george.smith@example.com', 'password1919', 'PROJECT_MANAGER', 'Quản lý dự án', 'George Smith', NULL, '2024-05-05 09:15:00', '2024-05-05 09:15:00', 1),
	('henry.scott@example.com', 'password2626', 'SECURITY_OFFICER', 'Chuyên viên an ninh', 'Henry Scott', NULL, '2024-05-08 08:45:00', '2024-05-08 08:45:00', 1),
	('james.taylor@example.com', 'password606', 'DESIGNER', 'Nhà thiết kế', 'James Taylor', NULL, '2024-05-02 11:10:45', '2024-05-02 11:10:45', 1),
	('jane.smith@example.com', 'password456', 'ADMIN', 'Administrator', 'Jane Smith', NULL, '2024-05-06 19:41:42', '2025-05-06 19:41:44', 0),
	('john.doe@example.com', 'password123', 'ACCOUNTANT', 'Kế toán viên', 'John Doe', NULL, '2024-05-04 14:30:00', '2024-05-04 14:30:00', 1),
	('john.patel@example.com', 'password2222', 'RECRUITER', 'Nhân viên tuyển dụng', 'John Patel', NULL, '2024-05-03 10:25:30', '2024-05-03 10:25:30', 1),
	('joseph.king@example.com', 'password2424', 'SALES_EXECUTIVE', 'Nhân viên kinh doanh', 'Joseph King', NULL, '2024-05-09 11:20:45', '2024-05-09 11:20:45', 1),
	('kevin.kelly@example.com', 'password1717', 'NETWORK_ENGINEER', 'Kỹ sư mạng', 'Kevin Kelly', NULL, '2024-05-07 14:15:45', '2024-05-07 14:15:45', 1),
	('laura.jones@example.com', 'password505', 'DATA_SCIENTIST', 'Chuyên gia dữ liệu', 'Laura Jones', NULL, '2024-05-12 15:30:00', '2024-05-12 15:30:00', 1),
	('lisa.harris@example.com', 'password1010', 'FINANCE_MANAGER', 'Quản lý tài chính', 'Lisa Harris', NULL, '2024-05-04 09:05:15', '2024-05-04 09:05:15', 1),
	('lisa.johnson@example.com', 'password2020', 'PUBLIC_RELATIONS', 'Chuyên viên quan hệ công chúng', 'Lisa Johnson', NULL, '2024-05-13 11:45:55', '2024-05-13 11:45:55', 1),
	('lucy.young@example.com', 'password1313', 'INVENTORY_MANAGER', 'Quản lý kho', 'Lucy Young', NULL, '2024-05-10 08:15:30', '2024-05-10 08:15:30', 1),
	('mark.jones@example.com', 'password789', 'ADMIN_MANAGER', 'Quản trị viên hệ thống', 'Mark Jones', NULL, '2024-05-01 08:30:00', '2024-05-01 08:30:00', 1),
	('mary.wilson@example.com', 'password303', 'CUSTOMER_SERVICE', 'Nhân viên chăm sóc khách hàng', 'Mary Wilson', NULL, '2024-05-08 10:30:20', '2024-05-08 10:30:20', 1),
	('natalie.lopez@example.com', 'password2727', 'SOCIAL_MEDIA_MANAGER', 'Quản lý truyền thông xã hội', 'Natalie Lopez', NULL, '2024-05-14 14:00:15', '2024-05-14 14:00:15', 1),
	('nina.walker@example.com', 'password1111', 'GUEST', 'Guest', 'Nina Walker', NULL, '2025-05-06 19:41:45', '2025-05-11 09:29:27', 0),
	('oliver.allen@example.com', 'password1212', 'HR_MANAGER', 'Quản lý nhân sự', 'Oliver Allen', NULL, '2024-05-03 08:00:00', '2024-05-03 08:00:00', 1),
	('olivia.james@example.com', 'password2929', 'TESTER', 'Kiểm thử viên', 'Olivia James', NULL, '2024-05-06 08:20:00', '2024-05-06 08:20:00', 1),
	('patricia.clark@example.com', 'password909', 'EVENT_COORDINATOR', 'Điều phối sự kiện', 'Patricia Clark', NULL, '2024-05-14 09:20:30', '2024-05-14 09:20:30', 1),
	('paul.moore@example.com', 'password404', 'DATABASE_ADMIN', 'Quản trị cơ sở dữ liệu', 'Paul Moore', NULL, '2024-05-07 09:30:15', '2024-05-07 09:30:15', 1),
	('rachel.perez@example.com', 'password1616', 'MARKETING', 'Nhân viên marketing', 'Rachel Perez', NULL, '2024-05-02 09:45:12', '2024-05-02 09:45:12', 1),
	('richard.williams@example.com', 'password2121', 'QUALITY_ASSURANCE', 'Đảm bảo chất lượng', 'Richard Williams', NULL, '2024-05-11 14:50:30', '2024-05-11 14:50:30', 1),
	('sophia.james@example.com', 'password2323', 'RESEARCH_ANALYST', 'Chuyên viên nghiên cứu', 'Sophia James', NULL, '2024-05-12 10:05:45', '2024-05-12 10:05:45', 1),
	('susan.davis@example.com', 'password707', 'DEVELOPER', 'Lập trình viên', 'Susan Davis', NULL, '2024-05-05 10:45:30', '2024-05-05 10:45:30', 1),
	('susan.martinez@example.com', 'password2525', 'SALES_MANAGER', 'Quản lý bán hàng', 'Susan Martinez', NULL, '2024-05-09 09:00:10', '2024-05-09 09:00:10', 1),
	('thomas.wilson@example.com', 'password2828', 'SYSTEM_ADMIN', 'Quản trị hệ thống', 'Thomas Wilson', NULL, '2024-05-06 13:50:22', '2024-05-06 13:50:22', 1),
	('user@gmail.com', '$2y$08$AOI/Jh2RikvhkPReq0pjxeEwAi63Lo6g0CBvJSXDnhrmOfOjYN3uG', 'USER', NULL, NULL, NULL, '2025-04-03 09:55:34', '2025-05-11 20:32:19', 1);

-- Dumping structure for table sgukhaosat.whitelist_form
CREATE TABLE IF NOT EXISTS `whitelist_form` (
  `FID` int(11) NOT NULL,
  `UID` varchar(50) NOT NULL,
  PRIMARY KEY (`FID`,`UID`),
  KEY `FID` (`FID`),
  KEY `UID` (`UID`),
  CONSTRAINT `FK_while_list_form_forms` FOREIGN KEY (`FID`) REFERENCES `forms` (`FID`) ON DELETE NO ACTION ON UPDATE NO ACTION,
  CONSTRAINT `FK_while_list_form_users` FOREIGN KEY (`UID`) REFERENCES `users` (`email`) ON DELETE CASCADE ON UPDATE NO ACTION
) ENGINE=InnoDB DEFAULT CHARSET=utf8mb4 COLLATE=utf8mb4_general_ci;

-- Dumping data for table sgukhaosat.whitelist_form: ~9 rows (approximately)
INSERT IGNORE INTO `whitelist_form` (`FID`, `UID`) VALUES
	(10, 'admin@gmail.com'),
	(105, 'admin@gmail.com'),
	(203, 'admin@gmail.com'),
	(223, 'admin@gmail.com'),
	(223, 'user@gmail.com'),
	(224, 'admin@gmail.com'),
	(224, 'user@gmail.com'),
	(225, 'admin@gmail.com'),
	(225, 'user@gmail.com');

/*!40103 SET TIME_ZONE=IFNULL(@OLD_TIME_ZONE, 'system') */;
/*!40101 SET SQL_MODE=IFNULL(@OLD_SQL_MODE, '') */;
/*!40014 SET FOREIGN_KEY_CHECKS=IFNULL(@OLD_FOREIGN_KEY_CHECKS, 1) */;
/*!40101 SET CHARACTER_SET_CLIENT=@OLD_CHARACTER_SET_CLIENT */;
/*!40111 SET SQL_NOTES=IFNULL(@OLD_SQL_NOTES, 1) */;
